"Date","Price","Open","High","Low","Vol.","Change %"
"12/15/2022","73.40","73.90","74.70","72.90","6.54M","-1.21%"
"12/14/2022","74.30","76.00","77.30","73.40","5.13M","-0.93%"
"12/13/2022","75.00","73.00","75.50","72.50","5.19M","4.02%"
"12/12/2022","72.10","74.30","74.30","71.80","5.34M","-2.96%"
"12/11/2022","74.30","75.40","76.20","74.00","3.80M","-0.93%"
"12/08/2022","75.00","74.30","76.30","73.80","6.67M","1.35%"
"12/07/2022","74.00","77.80","78.10","74.00","4.90M","-4.88%"
"12/06/2022","77.80","77.00","77.80","75.30","9.36M","1.04%"
"12/05/2022","77.00","80.10","80.10","77.00","4.53M","-3.75%"
"12/04/2022","80.00","80.00","80.40","79.90","2.16M","-0.12%"
"12/01/2022","80.10","80.50","80.90","79.90","6.69M","-0.50%"
"11/30/2022","80.50","80.50","80.50","79.40","11.17M","0.25%"
"11/29/2022","80.30","81.40","82.10","80.30","4.03M","-1.83%"
"11/28/2022","81.80","80.50","82.20","79.50","4.61M","0.00%"
"11/27/2022","81.80","82.80","82.80","80.80","2.51M","-1.21%"
"11/24/2022","82.80","82.70","82.80","81.50","4.14M","-0.12%"
"11/22/2022","82.90","83.20","83.40","82.00","3.56M","-0.36%"
"11/21/2022","83.20","83.50","83.60","82.80","3.35M","-0.36%"
"11/20/2022","83.50","83.70","84.20","83.30","2.22M","-1.18%"
"11/17/2022","84.50","84.60","84.80","84.00","4.75M","-0.12%"
"11/16/2022","84.60","84.00","84.70","83.70","4.17M","0.24%"
"11/15/2022","84.40","84.40","84.40","83.60","4.34M","0.48%"
"11/14/2022","84.00","84.00","84.10","82.70","4.09M","0.00%"
"11/13/2022","84.00","84.60","84.90","83.70","4.45M","-0.12%"
"11/10/2022","84.10","85.00","85.00","83.70","5.36M","-1.41%"
"11/09/2022","85.30","85.40","85.70","84.70","4.06M","-0.12%"
"11/08/2022","85.40","85.60","85.80","84.50","5.44M","-0.12%"
"11/07/2022","85.50","84.70","85.50","84.40","3.88M","0.94%"
"11/06/2022","84.70","85.00","86.20","84.70","6.26M","0.47%"
"11/03/2022","84.30","85.00","85.40","84.00","5.67M","-1.63%"
"11/02/2022","85.70","84.80","85.70","84.00","5.67M","0.82%"
"11/01/2022","85.00","85.40","85.40","84.50","3.87M","-0.23%"
"10/31/2022","85.20","86.00","86.30","84.30","6.86M","-0.81%"
"10/30/2022","85.90","87.00","87.50","85.90","3.08M","-1.26%"
"10/27/2022","87.00","86.60","87.90","86.50","7.25M","0.58%"
"10/26/2022","86.50","88.10","88.30","86.10","4.48M","-1.70%"
"10/25/2022","88.00","88.10","88.20","87.50","5.42M","-0.11%"
"10/24/2022","88.10","87.20","88.10","86.70","4.98M","0.69%"
"10/23/2022","87.50","88.40","88.70","87.40","6.37M","-0.23%"
"10/20/2022","87.70","86.00","87.70","85.80","6.90M","2.33%"
"10/19/2022","85.70","86.50","87.00","85.10","4.37M","-0.35%"
"10/18/2022","86.00","84.20","86.00","83.90","5.22M","3.12%"
"10/17/2022","83.40","82.20","84.00","82.00","2.96M","2.08%"
"10/16/2022","81.70","81.40","82.10","80.60","1.86M","0.49%"
"10/13/2022","81.30","82.20","82.60","81.30","2.15M","-1.22%"
"10/12/2022","82.30","82.10","83.00","81.90","2.80M","0.49%"
"10/11/2022","81.90","82.50","82.60","81.30","2.90M","-0.73%"
"10/10/2022","82.50","82.40","83.20","81.50","2.19M","0.12%"
"10/09/2022","82.40","84.20","84.20","82.40","2.35M","-2.14%"
"10/06/2022","84.20","85.00","85.20","84.20","2.06M","-0.71%"
"10/05/2022","84.80","85.80","85.80","84.10","3.76M","0.36%"
"10/04/2022","84.50","84.10","84.70","84.00","3.59M","1.81%"
"10/03/2022","83.00","83.00","84.00","82.80","3.35M","0.61%"
"10/02/2022","82.50","81.30","82.80","80.40","3.77M","1.48%"
"09/29/2022","81.30","80.50","81.40","80.20","6.17M","1.75%"
"09/28/2022","79.90","80.40","80.90","79.50","6.58M","0.25%"
"09/27/2022","79.70","79.50","80.90","78.60","5.55M","1.53%"
"09/26/2022","78.50","81.50","82.10","78.50","7.88M","-3.92%"
"09/25/2022","81.70","81.70","82.60","81.40","4.50M","-3.31%"
"09/21/2022","84.50","85.00","85.40","84.00","2.69M","-0.59%"
"09/20/2022","85.00","85.20","86.00","85.00","3.33M","0.47%"
"09/19/2022","84.60","85.70","86.10","83.80","3.70M","-1.28%"
"09/18/2022","85.70","87.60","87.80","85.50","2.77M","-3.38%"
"09/15/2022","88.70","88.00","89.00","87.90","1.64M","0.23%"
"09/14/2022","88.50","88.00","89.80","87.90","6.30M","-2.21%"
"09/13/2022","90.50","88.90","90.50","88.80","4.95M","2.03%"
"09/12/2022","88.70","87.40","88.70","86.80","4.45M","2.07%"
"09/11/2022","86.90","86.70","87.20","86.30","4.24M","1.40%"
"09/08/2022","85.70","85.80","86.40","84.50","7.00M","0.00%"
"09/07/2022","85.70","86.40","87.30","85.30","4.80M","-0.81%"
"09/06/2022","86.40","87.80","88.30","86.20","5.10M","-1.59%"
"09/05/2022","87.80","88.00","88.90","87.70","4.62M","-0.79%"
"09/04/2022","88.50","88.80","88.80","88.00","2.86M","-0.45%"
"09/01/2022","88.90","90.20","90.40","88.00","4.77M","-1.44%"
"08/31/2022","90.20","90.40","90.40","89.30","5.56M","-0.44%"
"08/30/2022","90.60","91.30","91.70","90.50","3.85M","-0.55%"
"08/29/2022","91.10","90.70","91.60","90.50","5.36M","0.44%"
"08/28/2022","90.70","91.00","91.50","90.60","4.70M","-1.41%"
"08/25/2022","92.00","91.00","92.00","90.90","4.40M","1.55%"
"08/24/2022","90.60","90.90","91.30","89.80","4.06M","-0.33%"
"08/23/2022","90.90","91.80","92.80","90.80","6.89M","-0.98%"
"08/22/2022","91.80","90.90","92.30","90.60","6.44M","0.88%"
"08/21/2022","91.00","91.20","91.60","90.40","5.56M","0.11%"
"08/18/2022","90.90","89.60","91.30","89.60","8.49M","1.68%"
"08/17/2022","89.40","88.00","89.40","87.90","7.22M","1.59%"
"08/16/2022","88.00","88.10","88.20","87.70","4.19M","0.00%"
"08/15/2022","88.00","88.10","88.40","87.60","3.66M","0.00%"
"08/14/2022","88.00","88.30","88.70","87.70","3.32M","0.11%"
"08/11/2022","87.90","88.00","89.30","87.40","6.66M","0.57%"
"08/10/2022","87.40","86.10","87.50","85.90","4.93M","1.75%"
"08/09/2022","85.90","86.00","86.30","85.40","3.81M","-0.12%"
"08/08/2022","86.00","86.20","87.20","85.80","3.53M","-0.23%"
"08/07/2022","86.20","87.60","87.70","86.00","3.09M","-1.49%"
"08/04/2022","87.50","87.50","88.40","86.90","4.10M","0.23%"
"08/03/2022","87.30","88.10","88.20","86.90","4.20M","-0.91%"
"08/02/2022","88.10","89.30","89.30","87.90","5.07M","-1.34%"
"08/01/2022","89.30","89.30","89.60","88.50","4.42M","0.45%"
"07/31/2022","88.90","90.30","90.50","88.60","5.37M","-0.78%"
"07/28/2022","89.60","89.50","90.50","89.00","6.84M","1.13%"
"07/27/2022","88.60","87.80","89.30","87.60","4.91M","1.26%"
"07/26/2022","87.50","87.40","87.90","86.60","2.97M","0.23%"
"07/25/2022","87.30","88.10","88.10","86.70","3.65M","-1.02%"
"07/24/2022","88.20","89.20","89.90","87.80","4.58M","-0.90%"
"07/21/2022","89.00","88.40","89.00","86.50","4.28M","1.71%"
"07/20/2022","87.50","85.40","89.50","85.40","8.70M","3.06%"
"07/19/2022","84.90","83.30","84.90","82.80","5.21M","2.29%"
"07/18/2022","83.00","81.30","83.00","81.20","5.10M","2.34%"
"07/17/2022","81.10","82.30","82.60","80.90","2.87M","1.00%"
"07/14/2022","80.30","81.10","81.50","79.60","2.51M","-0.99%"
"07/13/2022","81.10","82.00","83.40","80.90","5.43M","-0.61%"
"07/06/2022","81.60","80.00","82.50","79.40","4.62M","2.00%"
"07/05/2022","80.00","80.00","80.70","79.40","4.34M","0.00%"
"07/04/2022","80.00","80.50","80.80","78.70","5.99M","-0.50%"
"07/03/2022","80.40","83.00","83.30","80.00","7.13M","-2.55%"
"06/30/2022","82.50","84.80","85.30","82.40","7.25M","-2.60%"
"06/29/2022","84.70","84.90","85.40","84.10","3.14M","-0.35%"
"06/28/2022","85.00","84.30","85.00","83.40","2.89M","0.95%"
"06/27/2022","84.20","86.00","86.40","84.00","5.57M","-0.47%"
"06/26/2022","84.60","85.20","85.60","84.20","4.78M","1.93%"
"06/23/2022","83.00","83.00","84.30","82.30","5.63M","0.97%"
"06/22/2022","82.20","85.80","85.80","82.20","6.95M","-4.31%"
"06/21/2022","85.90","83.70","86.20","83.40","6.44M","3.37%"
"06/20/2022","83.10","82.50","84.10","81.70","6.00M","1.09%"
"06/19/2022","82.20","85.00","85.50","82.20","7.77M","-4.64%"
"06/16/2022","86.20","90.50","91.30","86.20","11.95M","-3.69%"
"06/15/2022","89.50","90.10","91.40","89.50","6.92M","-0.67%"
"06/14/2022","90.10","91.20","92.10","87.10","12.39M","-1.21%"
"06/13/2022","91.20","93.00","93.90","91.10","8.45M","-2.04%"
"06/12/2022","93.10","93.00","93.80","91.90","3.79M","-1.17%"
"06/09/2022","94.20","94.00","94.20","92.80","5.25M","0.21%"
"06/08/2022","94.00","95.00","95.90","93.70","5.85M","-1.16%"
"06/07/2022","95.10","97.10","97.30","94.90","6.77M","-1.86%"
"06/06/2022","96.90","96.00","98.20","96.00","5.75M","1.04%"
"06/05/2022","95.90","95.40","96.20","94.60","3.72M","0.52%"
"06/02/2022","95.40","97.00","97.00","94.90","7.33M","-1.24%"
"06/01/2022","96.60","99.00","99.50","96.60","5.58M","-2.33%"
"05/31/2022","98.90","100.60","102.20","98.40","16.25M","-1.30%"
"05/30/2022","100.20","96.20","100.20","96.20","9.71M","4.27%"
"05/29/2022","96.10","94.70","96.40","94.70","7.28M","2.34%"
"05/26/2022","93.90","95.00","95.60","93.40","8.04M","-0.11%"
"05/25/2022","94.00","91.60","94.70","91.20","9.67M","3.18%"
"05/24/2022","91.10","90.80","91.90","90.20","7.50M","0.33%"
"05/23/2022","90.80","93.90","94.00","90.50","8.36M","-2.26%"
"05/22/2022","92.90","94.80","94.90","90.90","10.72M","-0.64%"
"05/19/2022","93.50","94.90","95.40","92.60","10.54M","-2.81%"
"05/18/2022","96.20","96.60","99.70","96.20","11.11M","0.21%"
"05/17/2022","96.00","100.00","100.80","95.40","15.76M","-4.00%"
"05/16/2022","100.00","105.00","105.40","100.00","12.69M","-3.66%"
"05/15/2022","103.80","101.20","104.80","99.50","9.39M","3.59%"
"05/12/2022","100.20","107.20","107.40","100.20","14.15M","-6.53%"
"05/11/2022","107.20","108.00","108.00","104.00","11.65M","-0.74%"
"05/10/2022","108.00","112.60","113.00","107.20","8.39M","-4.09%"
"05/09/2022","112.60","114.80","117.40","112.20","13.64M","0.20%"
"05/08/2022","112.38","111.88","112.50","110.88","7.36M","1.81%"
"04/28/2022","110.38","112.25","112.38","109.38","9.42M","-1.34%"
"04/27/2022","111.88","113.00","113.38","110.63","7.32M","-1.10%"
"04/26/2022","113.13","114.88","115.88","111.63","9.71M","-1.42%"
"04/25/2022","114.75","112.38","114.75","111.75","5.57M","2.11%"
"04/24/2022","112.38","111.75","113.38","110.50","3.21M","0.00%"
"04/21/2022","112.38","113.25","114.13","112.00","6.54M","-0.44%"
"04/20/2022","112.88","110.13","112.88","109.13","7.03M","2.50%"
"04/19/2022","110.13","114.50","114.75","110.13","9.74M","-3.50%"
"04/18/2022","114.13","111.00","114.25","111.00","8.97M","2.82%"
"04/17/2022","111.00","108.13","112.13","107.25","9.28M","3.62%"
"04/14/2022","107.13","105.63","107.13","103.88","6.32M","1.42%"
"04/13/2022","105.63","107.75","108.13","105.50","9.83M","-1.97%"
"04/12/2022","107.75","105.00","107.75","104.63","9.41M","2.99%"
"04/11/2022","104.63","103.50","104.75","103.25","6.62M","1.33%"
"04/10/2022","103.25","102.88","103.63","102.63","4.89M","0.49%"
"04/07/2022","102.75","101.63","103.00","100.00","6.29M","1.23%"
"04/06/2022","101.50","100.88","102.38","100.75","9.19M","-0.25%"
"04/05/2022","101.75","100.75","101.88","100.38","4.94M","0.99%"
"04/04/2022","100.75","100.50","100.88","99.50","3.99M","0.25%"
"04/03/2022","100.50","101.13","101.50","100.25","3.13M","0.12%"
"03/31/2022","100.38","99.88","100.63","99.63","5.44M","0.50%"
"03/30/2022","99.88","100.63","100.75","99.13","6.66M","-0.75%"
"03/29/2022","100.63","100.25","101.00","99.63","5.39M","0.63%"
"03/28/2022","100.00","99.25","100.25","98.75","6.03M","0.63%"
"03/27/2022","99.38","97.50","99.38","97.38","4.08M","1.79%"
"03/24/2022","97.63","98.38","98.50","97.50","3.87M","-0.76%"
"03/23/2022","98.38","97.13","98.50","97.00","4.24M","1.42%"
"03/22/2022","97.00","98.88","99.25","96.88","7.41M","-1.90%"
"03/21/2022","98.88","99.38","100.50","98.88","7.49M","-0.38%"
"03/20/2022","99.25","99.50","100.63","98.63","5.02M","-0.13%"
"03/17/2022","99.38","98.50","100.13","97.38","12.64M","3.38%"
"03/16/2022","96.13","95.25","96.75","94.75","6.72M","1.85%"
"03/15/2022","94.38","94.25","95.00","93.75","8.15M","0.00%"
"03/14/2022","94.38","96.63","97.13","94.38","6.27M","-1.95%"
"03/13/2022","96.25","97.38","97.63","96.25","5.62M","-0.13%"
"03/10/2022","96.38","96.25","96.75","95.63","6.84M","0.39%"
"03/09/2022","96.00","96.88","97.75","96.00","6.35M","-1.03%"
"03/08/2022","97.00","96.13","97.75","95.63","9.28M","0.91%"
"03/07/2022","96.13","97.75","97.75","95.75","6.75M","-1.41%"
"03/06/2022","97.50","98.13","98.75","97.25","4.94M","-0.38%"
"03/03/2022","97.88","98.75","99.50","97.75","8.27M","-0.13%"
"03/02/2022","98.00","100.63","100.88","98.00","6.42M","-2.00%"
"03/01/2022","100.00","100.25","102.38","99.50","8.88M","-0.25%"
"02/28/2022","100.25","97.00","100.25","96.38","7.81M","3.35%"
"02/27/2022","97.00","99.38","99.88","96.88","7.58M","0.13%"
"02/24/2022","96.88","96.88","98.50","95.25","38.55M","-2.52%"
"02/23/2022","99.38","101.88","102.50","99.25","9.58M","-3.28%"
"02/21/2022","102.75","105.13","105.63","102.75","8.66M","-2.14%"
"02/20/2022","105.00","102.50","106.13","102.50","14.77M","5.93%"
"02/17/2022","99.13","99.63","99.75","98.25","6.17M","-0.50%"
"02/16/2022","99.63","97.63","100.50","97.50","10.22M","2.18%"
"02/15/2022","97.50","93.75","97.50","93.63","15.99M","4.00%"
"02/14/2022","93.75","92.63","93.75","92.00","8.03M","1.35%"
"02/13/2022","92.50","92.75","93.38","91.88","4.50M","-1.20%"
"02/10/2022","93.63","92.50","93.63","92.38","4.19M","1.22%"
"02/09/2022","92.50","93.00","93.13","92.00","3.68M","-0.27%"
"02/08/2022","92.75","93.50","93.88","92.50","4.14M","-0.67%"
"02/07/2022","93.38","93.00","93.50","92.88","4.25M","0.40%"
"02/06/2022","93.00","92.63","93.13","92.50","3.43M","0.54%"
"02/03/2022","92.50","92.50","92.88","92.25","3.26M","0.14%"
"02/02/2022","92.38","92.50","92.88","92.38","3.44M","0.00%"
"02/01/2022","92.38","93.25","93.50","92.00","4.76M","-0.27%"
"01/31/2022","92.63","92.50","93.75","92.50","6.83M","0.14%"
"01/30/2022","92.50","92.63","93.13","92.38","4.44M","0.14%"
"01/27/2022","92.38","92.88","93.13","92.38","6.28M","-0.67%"
"01/26/2022","93.00","92.38","93.38","92.00","4.72M","0.68%"
"01/25/2022","92.38","92.25","92.63","91.25","5.90M","0.27%"
"01/24/2022","92.13","93.38","93.63","92.13","3.79M","-1.34%"
"01/23/2022","93.38","93.88","93.88","92.50","3.03M","-0.66%"
"01/20/2022","94.00","94.25","94.38","93.25","5.67M","0.00%"
"01/19/2022","94.00","92.63","94.00","91.75","5.85M","1.48%"
"01/18/2022","92.63","93.75","94.00","92.63","5.02M","-1.20%"
"01/17/2022","93.75","94.13","94.38","93.13","4.84M","-0.13%"
"01/16/2022","93.88","94.38","94.88","93.50","6.42M","-0.53%"
"01/13/2022","94.38","94.13","94.63","93.63","5.93M","0.27%"
"01/12/2022","94.13","93.75","94.13","93.00","6.10M","0.53%"
"01/11/2022","93.63","91.25","93.63","90.75","7.81M","2.88%"
"01/10/2022","91.00","89.63","91.13","89.63","8.37M","1.53%"
"01/09/2022","89.63","89.00","89.75","88.88","3.70M","0.70%"
"01/06/2022","89.00","88.88","89.75","88.63","4.37M","-0.14%"
"01/05/2022","89.13","89.13","89.63","88.75","3.81M","-0.14%"
"01/04/2022","89.25","89.88","89.88","88.50","4.65M","0.00%"
"01/03/2022","89.25","89.13","90.50","88.25","6.67M","-0.28%"
"01/02/2022","89.50","88.88","89.75","88.38","4.63M","0.99%"
"12/30/2021","88.63","88.25","89.75","87.13","6.83M","0.57%"
"12/29/2021","88.13","89.38","90.25","87.50","7.88M","-1.40%"
"12/28/2021","89.38","87.50","89.38","87.38","4.59M","2.88%"
"12/27/2021","86.88","87.38","87.88","86.75","2.74M","-0.71%"
"12/26/2021","87.50","88.25","88.75","87.38","2.31M","-0.85%"
"12/23/2021","88.25","87.88","88.50","87.50","3.15M","0.86%"
"12/22/2021","87.50","88.75","89.13","87.13","3.95M","-1.27%"
"12/21/2021","88.63","87.38","88.63","87.13","4.27M","1.58%"
"12/20/2021","87.25","86.88","87.25","85.75","4.59M","-0.14%"
"12/19/2021","87.38","87.63","88.63","86.75","3.16M","-1.55%"
"12/16/2021","88.75","87.50","90.00","87.25","9.43M","2.16%"
"12/15/2021","86.88","85.63","87.13","85.25","4.77M","1.61%"
"12/14/2021","85.50","85.50","85.75","84.25","3.60M","0.44%"
"12/13/2021","85.13","84.63","85.88","84.63","3.51M","1.04%"
"12/12/2021","84.25","84.13","84.75","83.38","4.01M","0.00%"
"12/09/2021","84.25","85.13","86.00","83.63","4.09M","-0.74%"
"12/08/2021","84.88","87.00","87.13","84.88","3.73M","-2.30%"
"12/07/2021","86.88","86.63","87.50","86.25","4.92M","1.46%"
"12/06/2021","85.63","87.63","89.13","85.63","8.98M","-0.87%"
"12/05/2021","86.38","83.63","86.38","83.63","6.25M","3.60%"
"12/02/2021","83.38","83.75","84.25","83.13","4.81M","-0.74%"
"12/01/2021","84.00","84.00","85.00","83.25","5.54M","1.66%"
"11/30/2021","82.63","84.38","84.38","81.25","13.23M","-2.07%"
"11/29/2021","84.38","85.00","85.88","83.38","8.73M","0.90%"
"11/28/2021","83.63","82.63","85.63","82.63","10.37M","-5.37%"
"11/25/2021","88.38","88.63","90.63","88.38","5.60M","-0.42%"
"11/24/2021","88.75","87.13","89.50","86.75","5.65M","2.90%"
"11/23/2021","86.25","84.00","87.75","82.25","8.98M","2.07%"
"11/22/2021","84.50","87.75","89.38","84.13","6.88M","-4.52%"
"11/21/2021","88.50","89.88","89.88","87.63","5.31M","-2.21%"
"11/18/2021","90.50","92.00","92.50","90.50","3.80M","-1.76%"
"11/17/2021","92.13","92.50","92.75","91.88","3.45M","-0.41%"
"11/16/2021","92.50","92.75","93.00","91.88","3.57M","-0.13%"
"11/15/2021","92.63","93.00","93.38","92.38","3.44M","-0.40%"
"11/14/2021","93.00","93.50","93.63","92.50","3.22M","-0.13%"
"11/11/2021","93.13","93.13","93.75","92.63","4.50M","0.00%"
"11/10/2021","93.13","91.88","93.50","91.75","5.09M","1.36%"
"11/09/2021","91.88","93.50","94.38","91.88","8.63M","-1.61%"
"11/08/2021","93.38","91.00","93.63","91.00","10.24M","2.89%"
"11/07/2021","90.75","89.00","91.00","88.50","7.80M","2.25%"
"11/04/2021","88.75","88.38","88.75","87.25","4.33M","0.42%"
"11/03/2021","88.38","88.50","89.25","87.63","4.24M","-0.14%"
"11/02/2021","88.50","87.13","88.63","87.13","5.32M","1.72%"
"11/01/2021","87.00","87.00","87.50","87.00","2.51M","0.14%"
"10/31/2021","86.88","86.63","87.50","86.63","2.70M","0.29%"
"10/28/2021","86.63","86.75","87.50","85.50","6.07M","-0.14%"
"10/27/2021","86.75","87.00","87.63","86.63","3.63M","-0.29%"
"10/26/2021","87.00","87.50","88.13","87.00","4.39M","-0.57%"
"10/25/2021","87.50","86.13","87.88","84.50","3.66M","1.60%"
"10/24/2021","86.13","88.75","88.75","85.88","6.17M","-2.96%"
"10/21/2021","88.75","88.75","89.25","88.13","4.56M","0.57%"
"10/20/2021","88.25","87.00","88.63","86.50","5.95M","1.58%"
"10/19/2021","86.88","84.50","86.88","84.50","5.86M","3.12%"
"10/18/2021","84.25","84.13","84.75","83.88","2.60M","0.15%"
"10/17/2021","84.13","84.38","84.88","84.13","2.50M","0.15%"
"10/14/2021","84.00","84.13","84.25","83.63","3.22M","-0.15%"
"10/13/2021","84.13","84.25","84.38","83.63","2.76M","-0.30%"
"10/12/2021","84.38","84.38","84.63","83.38","3.40M","0.75%"
"10/11/2021","83.75","84.38","85.50","83.25","7.22M","-0.15%"
"10/10/2021","83.88","81.75","84.50","81.63","6.53M","2.91%"
"10/07/2021","81.50","80.75","81.63","80.75","4.25M","0.93%"
"10/06/2021","80.75","80.63","81.88","80.50","6.76M","0.78%"
"10/05/2021","80.13","78.38","80.63","78.38","6.77M","2.23%"
"10/04/2021","78.38","77.13","79.00","77.13","10.35M","1.62%"
"10/03/2021","77.13","76.50","77.75","76.25","5.29M","0.65%"
"09/30/2021","76.63","75.63","76.75","75.50","6.06M","1.32%"
"09/29/2021","75.63","75.63","76.00","75.25","3.04M","-0.33%"
"09/28/2021","75.88","75.88","76.50","75.50","3.80M","0.00%"
"09/27/2021","75.88","76.13","76.25","75.63","3.47M","-0.33%"
"09/26/2021","76.13","76.25","76.38","75.75","2.47M","0.66%"
"09/22/2021","75.63","75.88","76.50","75.63","2.41M","-0.98%"
"09/21/2021","76.38","75.75","76.50","75.13","3.61M","0.49%"
"09/20/2021","76.00","76.00","76.25","75.63","3.74M","-0.49%"
"09/19/2021","76.38","76.75","76.88","76.13","3.02M","-0.97%"
"09/16/2021","77.13","76.38","77.13","76.25","5.20M","0.98%"
"09/15/2021","76.38","76.38","76.63","76.00","2.84M","0.33%"
"09/14/2021","76.13","76.38","76.75","76.00","3.24M","-0.16%"
"09/13/2021","76.25","76.25","76.50","75.63","4.69M","-0.33%"
"09/12/2021","76.50","77.25","77.50","76.25","5.98M","-1.13%"
"09/09/2021","77.38","77.38","77.63","77.00","3.08M","-0.16%"
"09/08/2021","77.50","76.88","77.50","76.63","3.99M","1.14%"
"09/07/2021","76.63","76.38","77.75","76.38","5.31M","0.49%"
"09/06/2021","76.25","75.38","76.25","75.38","4.11M","1.16%"
"09/05/2021","75.38","75.38","75.63","75.25","2.40M","0.17%"
"09/02/2021","75.25","75.25","75.63","75.25","2.35M","0.00%"
"09/01/2021","75.25","75.63","75.75","75.25","3.63M","-0.50%"
"08/31/2021","75.63","75.38","75.75","75.00","7.54M","0.33%"
"08/30/2021","75.38","75.75","75.75","74.88","3.84M","-0.17%"
"08/29/2021","75.50","75.13","75.63","74.63","3.26M","1.17%"
"08/26/2021","74.63","75.63","75.63","74.63","3.35M","-1.32%"
"08/25/2021","75.63","76.13","76.25","75.25","3.30M","-0.66%"
"08/24/2021","76.13","75.75","76.13","75.75","2.64M","0.50%"
"08/23/2021","75.75","75.13","76.25","75.13","4.28M","1.00%"
"08/22/2021","75.00","76.38","76.75","74.88","3.93M","-1.80%"
"08/19/2021","76.38","76.25","76.88","75.38","5.39M","-0.16%"
"08/18/2021","76.50","76.25","76.75","76.00","2.82M","0.33%"
"08/17/2021","76.25","75.38","76.25","75.00","4.80M","0.99%"
"08/16/2021","75.50","76.00","76.63","75.38","5.36M","-0.82%"
"08/15/2021","76.13","75.63","76.13","75.38","2.35M","0.66%"
"08/12/2021","75.63","74.75","76.25","74.75","5.93M","1.34%"
"08/11/2021","74.63","74.38","75.00","74.38","4.52M","0.34%"
"08/10/2021","74.38","73.88","74.63","73.88","3.85M","0.68%"
"08/09/2021","73.88","73.75","74.13","73.38","3.22M","0.17%"
"08/08/2021","73.75","73.13","74.00","73.13","2.97M","0.68%"
"08/05/2021","73.25","73.50","73.50","72.75","3.49M","-0.51%"
"08/04/2021","73.63","74.00","74.13","73.13","3.53M","-0.51%"
"08/03/2021","74.00","73.13","74.38","73.13","5.58M","1.20%"
"08/02/2021","73.13","71.25","73.13","71.25","9.00M","3.36%"
"08/01/2021","70.75","69.63","71.38","69.50","8.71M","1.98%"
"07/29/2021","69.38","68.63","69.38","68.63","3.66M","1.09%"
"07/28/2021","68.63","68.25","68.88","68.25","2.88M","0.37%"
"07/27/2021","68.38","68.38","69.00","68.38","2.65M","-0.55%"
"07/26/2021","68.75","68.75","68.88","68.13","2.46M","0.55%"
"07/25/2021","68.38","68.13","69.50","68.13","2.77M","1.11%"
"07/15/2021","67.63","67.88","68.75","67.63","3.66M","0.19%"
"07/14/2021","67.50","67.25","67.88","67.00","3.04M","0.37%"
"07/13/2021","67.25","67.38","67.88","66.88","3.95M","0.00%"
"07/12/2021","67.25","66.38","67.75","66.13","6.38M","0.94%"
"07/11/2021","66.63","68.13","68.38","66.00","6.49M","-1.66%"
"07/08/2021","67.75","68.88","69.00","67.75","5.76M","-2.17%"
"07/07/2021","69.25","69.38","69.50","68.75","3.90M","-0.89%"
"07/06/2021","69.88","70.13","70.50","69.88","3.32M","-0.53%"
"07/05/2021","70.25","70.25","70.75","69.88","4.51M","-0.35%"
"07/04/2021","70.50","69.75","70.88","69.75","5.87M","1.26%"
"07/01/2021","69.63","69.38","69.75","69.13","4.02M","0.36%"
"06/30/2021","69.38","69.25","69.50","69.00","5.46M","0.54%"
"06/29/2021","69.00","69.25","69.63","69.00","3.96M","-0.72%"
"06/28/2021","69.50","69.25","69.63","69.00","3.08M","0.36%"
"06/27/2021","69.25","68.88","69.75","68.88","3.21M","0.18%"
"06/24/2021","69.13","68.63","69.25","68.63","3.33M","0.91%"
"06/23/2021","68.50","68.88","69.25","68.38","2.66M","-0.36%"
"06/22/2021","68.75","69.38","69.75","68.50","4.27M","-0.54%"
"06/21/2021","69.13","67.50","69.13","67.13","5.42M","2.41%"
"06/20/2021","67.50","68.75","68.88","67.25","5.20M","-1.82%"
"06/17/2021","68.75","69.25","69.50","68.75","7.54M","-0.54%"
"06/16/2021","69.13","69.25","69.75","69.00","3.30M","0.00%"
"06/15/2021","69.13","70.75","71.13","68.88","7.14M","-2.12%"
"06/14/2021","70.63","68.50","71.88","68.50","12.84M","3.10%"
"06/13/2021","68.50","66.38","68.63","66.25","6.46M","3.79%"
"06/10/2021","66.00","65.63","66.75","65.63","6.52M","0.57%"
"06/09/2021","65.63","65.13","65.63","65.13","5.27M","0.77%"
"06/08/2021","65.13","64.63","65.13","64.63","6.01M","0.77%"
"06/07/2021","64.63","64.50","64.88","64.50","3.20M","0.00%"
"06/06/2021","64.63","64.63","65.13","64.50","3.88M","0.00%"
"06/03/2021","64.63","64.88","65.13","64.50","6.60M","-0.58%"
"06/02/2021","65.00","65.25","65.38","64.75","3.42M","0.00%"
"06/01/2021","65.00","64.50","65.25","64.50","8.03M","0.78%"
"05/31/2021","64.50","64.75","65.00","64.25","4.47M","-0.39%"
"05/30/2021","64.75","64.25","65.13","64.13","4.71M","0.58%"
"05/27/2021","64.38","63.63","64.38","63.38","7.67M","1.18%"
"05/26/2021","63.63","63.75","64.13","63.38","4.10M","-0.20%"
"05/25/2021","63.75","62.75","63.75","62.75","6.84M","1.80%"
"05/24/2021","62.63","62.88","63.38","62.50","5.29M","-0.40%"
"05/23/2021","62.88","63.38","63.75","62.31","5.21M","-0.79%"
"05/20/2021","63.38","63.88","64.13","62.63","5.64M","-0.59%"
"05/19/2021","63.75","64.50","64.75","63.75","4.35M","-0.97%"
"05/18/2021","64.38","63.75","65.13","63.75","5.98M","1.38%"
"05/17/2021","63.50","62.44","63.63","62.31","7.33M","1.91%"
"05/10/2021","62.31","61.94","62.50","61.88","4.98M","0.50%"
"05/09/2021","62.00","62.13","62.38","61.88","2.96M","-0.30%"
"05/06/2021","62.19","61.94","62.44","61.31","7.15M","0.40%"
"05/05/2021","61.94","62.31","62.50","61.94","4.88M","-0.70%"
"05/04/2021","62.38","62.19","62.75","61.81","5.88M","0.40%"
"05/03/2021","62.13","61.75","62.31","61.63","4.26M","0.51%"
"05/02/2021","61.81","61.81","62.06","61.25","4.31M","0.00%"
"04/29/2021","61.81","63.13","63.38","61.75","11.56M","-3.04%"
"04/28/2021","63.75","61.56","63.75","61.38","19.88M","4.29%"
"04/27/2021","61.13","61.25","61.31","60.75","5.66M","-0.20%"
"04/26/2021","61.25","60.13","61.31","60.13","7.35M","1.77%"
"04/25/2021","60.19","60.50","60.63","60.13","3.86M","-0.52%"
"04/22/2021","60.50","60.06","60.69","59.88","6.80M","0.83%"
"04/21/2021","60.00","60.00","60.88","59.81","10.11M","0.84%"
"04/20/2021","59.50","59.19","59.75","59.06","4.44M","0.63%"
"04/19/2021","59.13","59.25","59.31","58.50","5.44M","0.11%"
"04/18/2021","59.06","59.06","60.00","59.00","4.88M","0.32%"
"04/15/2021","58.88","57.50","59.13","57.44","9.88M","2.61%"
"04/14/2021","57.38","57.00","57.44","56.06","10.13M","0.77%"
"04/13/2021","56.94","57.56","58.06","56.88","6.19M","-0.98%"
"04/12/2021","57.50","58.44","58.50","57.25","8.51M","-1.50%"
"04/11/2021","58.38","59.38","59.44","58.25","4.72M","-1.89%"
"04/08/2021","59.50","59.38","60.00","59.19","4.62M","0.21%"
"04/07/2021","59.38","59.81","60.00","59.31","7.14M","-0.73%"
"04/06/2021","59.81","60.88","61.13","59.75","6.40M","-1.64%"
"04/05/2021","60.81","61.19","61.56","60.81","2.99M","-0.51%"
"04/04/2021","61.13","61.31","61.69","60.63","3.09M","-0.81%"
"04/01/2021","61.63","61.75","62.19","61.19","9.00M","-0.20%"
"03/31/2021","61.75","60.00","61.75","59.56","14.60M","5.11%"
"03/30/2021","58.75","58.81","59.00","58.56","3.45M","-0.95%"
"03/29/2021","59.31","58.69","59.31","58.56","5.60M","1.50%"
"03/28/2021","58.44","58.19","59.19","58.00","4.10M","0.54%"
"03/25/2021","58.13","58.38","58.75","58.00","4.16M","-0.53%"
"03/24/2021","58.44","58.50","58.75","57.50","3.54M","-0.11%"
"03/23/2021","58.50","58.75","59.44","58.44","4.77M","-0.43%"
"03/22/2021","58.75","57.56","59.56","57.25","6.34M","2.06%"
"03/21/2021","57.56","57.19","57.81","56.81","6.18M","0.33%"
"03/18/2021","57.38","59.44","59.69","57.38","11.78M","-3.67%"
"03/17/2021","59.56","60.13","60.13","59.13","3.40M","-0.94%"
"03/16/2021","60.13","60.06","60.50","59.88","6.30M","-0.10%"
"03/15/2021","60.19","61.06","61.13","59.50","7.04M","-1.23%"
"03/14/2021","60.94","61.00","61.56","60.88","3.79M","0.21%"
"03/11/2021","60.81","61.94","62.44","60.44","8.83M","-1.72%"
"03/10/2021","61.88","60.19","62.44","60.19","14.41M","3.13%"
"03/09/2021","60.00","57.19","60.63","57.19","15.16M","4.80%"
"03/08/2021","57.25","56.25","57.25","56.00","7.27M","2.00%"
"03/07/2021","56.13","56.13","56.38","56.06","4.13M","0.90%"
"03/04/2021","55.63","55.94","56.25","55.63","4.90M","-0.78%"
"03/03/2021","56.06","56.00","56.63","55.31","6.12M","0.22%"
"03/02/2021","55.94","54.44","56.25","54.38","7.80M","2.52%"
"03/01/2021","54.56","56.06","56.63","54.44","7.73M","-2.35%"
"02/28/2021","55.88","55.56","56.88","55.44","7.22M","-1.76%"
"02/25/2021","56.88","56.25","57.50","56.19","11.58M","2.02%"
"02/24/2021","55.75","55.06","56.56","54.31","13.51M","1.48%"
"02/23/2021","54.94","53.06","55.00","52.94","14.83M","4.02%"
"02/22/2021","52.81","52.69","53.25","52.50","6.43M","0.36%"
"02/21/2021","52.63","52.13","53.44","52.13","5.62M","0.96%"
"02/18/2021","52.13","52.25","52.50","51.88","5.22M","-0.71%"
"02/17/2021","52.50","52.19","52.81","52.19","4.57M","0.48%"
"02/16/2021","52.25","53.19","53.38","51.75","8.28M","-1.65%"
"02/15/2021","53.13","52.50","54.44","52.50","13.85M","1.80%"
"02/14/2021","52.19","50.00","52.19","50.00","8.25M","4.38%"
"02/11/2021","50.00","49.44","50.00","49.44","8.44M","0.88%"
"02/10/2021","49.56","49.56","50.00","49.38","7.45M","0.38%"
"02/09/2021","49.38","48.19","49.69","48.19","10.96M","2.86%"
"02/08/2021","48.00","46.94","48.44","46.94","11.51M","2.13%"
"02/07/2021","47.00","46.31","47.13","46.25","9.25M","1.35%"
"02/04/2021","46.38","44.75","46.44","44.75","9.80M","3.49%"
"02/03/2021","44.81","44.69","45.13","44.63","8.02M","0.28%"
"02/02/2021","44.69","45.19","45.31","44.69","4.78M","-0.69%"
"02/01/2021","45.00","45.19","45.44","45.00","4.87M","-0.41%"
"01/31/2021","45.19","45.38","45.63","45.19","5.54M","-0.96%"
"01/28/2021","45.63","45.63","45.75","45.38","6.30M","0.00%"
"01/27/2021","45.63","45.75","45.88","45.63","4.39M","0.00%"
"01/26/2021","45.63","46.00","46.00","45.63","4.37M","-0.95%"
"01/25/2021","46.06","45.94","46.19","45.94","3.04M","0.27%"
"01/24/2021","45.94","46.25","46.25","45.94","2.80M","-0.54%"
"01/21/2021","46.19","46.31","46.38","46.19","3.96M","-0.14%"
"01/20/2021","46.25","46.50","46.56","46.25","3.98M","-0.27%"
"01/19/2021","46.38","46.56","46.81","46.38","5.01M","-0.40%"
"01/18/2021","46.56","46.50","46.56","46.31","4.21M","0.13%"
"01/17/2021","46.50","46.56","46.63","46.44","2.58M","-0.40%"
"01/14/2021","46.69","46.88","46.88","46.56","3.22M","-0.40%"
"01/13/2021","46.88","46.88","46.94","46.69","3.71M","0.00%"
"01/12/2021","46.88","46.88","47.13","46.75","5.35M","0.00%"
"01/11/2021","46.88","46.69","46.88","46.56","6.85M","0.67%"
"01/10/2021","46.56","46.44","46.81","46.38","4.77M","0.68%"
"01/07/2021","46.25","45.69","46.25","45.69","4.37M","1.23%"
"01/06/2021","45.69","46.00","46.00","45.50","3.72M","-0.81%"
"01/05/2021","46.06","45.94","46.06","45.63","5.00M","0.27%"
"01/04/2021","45.94","45.63","46.00","45.44","5.25M","1.10%"
"01/03/2021","45.44","46.00","46.19","45.44","5.77M","-1.22%"
"12/31/2020","46.00","46.31","46.44","46.00","3.32M","-0.67%"
"12/30/2020","46.31","46.31","46.56","46.13","3.45M","0.00%"
"12/29/2020","46.31","46.50","46.63","46.19","3.78M","-0.13%"
"12/28/2020","46.38","46.63","46.75","46.38","3.06M","-0.67%"
"12/27/2020","46.69","46.50","46.75","46.50","3.17M","0.27%"
"12/24/2020","46.56","46.88","47.06","46.50","3.33M","-0.67%"
"12/23/2020","46.88","46.38","47.25","46.31","6.08M","0.81%"
"12/22/2020","46.50","45.63","46.50","45.63","5.00M","1.64%"
"12/21/2020","45.75","45.69","45.88","45.00","5.96M","-0.81%"
"12/20/2020","46.13","46.31","46.44","46.06","3.36M","-0.27%"
"12/17/2020","46.25","46.19","46.44","46.19","9.74M","0.14%"
"12/16/2020","46.19","45.81","46.31","45.75","5.15M","1.09%"
"12/15/2020","45.69","45.94","46.06","45.69","3.80M","-0.68%"
"12/14/2020","46.00","45.81","46.00","45.69","3.12M","0.41%"
"12/13/2020","45.81","46.00","46.19","45.75","2.83M","-0.41%"
"12/10/2020","46.00","46.25","46.25","46.00","3.43M","-0.54%"
"12/09/2020","46.25","46.06","46.31","46.06","3.35M","0.54%"
"12/08/2020","46.00","46.25","46.44","46.00","3.18M","-0.81%"
"12/07/2020","46.38","46.25","46.38","46.00","4.58M","0.27%"
"12/06/2020","46.25","46.31","46.56","46.25","3.44M","0.00%"
"12/03/2020","46.25","46.56","46.56","46.06","3.60M","-0.94%"
"12/02/2020","46.69","46.56","46.75","46.25","4.01M","-0.13%"
"12/01/2020","46.75","46.75","46.75","46.50","5.03M","0.00%"
"11/30/2020","46.75","46.25","46.75","46.13","12.42M","1.08%"
"11/29/2020","46.25","46.56","46.56","46.13","3.56M","-0.27%"
"11/26/2020","46.38","46.19","46.38","46.06","6.57M","0.13%"
"11/25/2020","46.31","46.19","46.44","46.13","3.98M","0.54%"
"11/24/2020","46.06","45.69","46.31","45.69","5.37M","0.55%"
"11/23/2020","45.81","46.00","46.13","45.50","5.87M","-0.41%"
"11/22/2020","46.00","46.06","46.31","46.00","2.39M","-0.14%"
"11/19/2020","46.06","46.31","46.44","46.06","4.12M","-0.67%"
"11/18/2020","46.38","45.94","46.50","45.75","6.02M","0.68%"
"11/17/2020","46.06","45.56","46.06","45.56","6.75M","1.10%"
"11/16/2020","45.56","45.06","45.56","44.94","6.34M","0.97%"
"11/15/2020","45.13","44.50","45.13","44.50","7.70M","1.40%"
"11/12/2020","44.50","44.50","44.50","44.25","5.31M","0.00%"
"11/11/2020","44.50","44.56","44.88","44.13","6.74M","0.28%"
"11/10/2020","44.38","43.94","45.00","43.69","13.52M","1.43%"
"11/09/2020","43.75","42.81","43.75","42.81","12.49M","2.04%"
"11/08/2020","42.88","42.44","43.06","42.44","7.77M","0.88%"
"11/05/2020","42.50","42.31","42.50","42.13","7.28M","0.44%"
"11/04/2020","42.31","42.19","42.50","42.19","7.62M","0.45%"
"11/03/2020","42.13","42.13","42.50","41.88","6.69M","0.00%"
"11/02/2020","42.13","41.06","42.25","41.00","7.20M","2.59%"
"11/01/2020","41.06","41.06","41.13","40.63","3.95M","-0.15%"
"10/29/2020","41.13","41.06","41.25","40.94","5.57M","-0.45%"
"10/28/2020","41.31","41.44","41.69","41.25","6.20M","-0.30%"
"10/27/2020","41.44","41.25","41.56","41.06","4.94M","0.45%"
"10/26/2020","41.25","41.38","41.69","41.06","9.80M","-0.30%"
"10/25/2020","41.38","41.44","42.13","41.31","6.16M","-1.19%"
"10/22/2020","41.88","41.56","41.88","41.44","4.90M","0.75%"
"10/21/2020","41.56","41.69","42.13","41.56","5.44M","-0.30%"
"10/20/2020","41.69","41.63","41.75","41.44","4.72M","-0.15%"
"10/19/2020","41.75","41.88","41.94","41.44","4.74M","-0.30%"
"10/18/2020","41.88","42.13","42.31","41.75","5.20M","0.15%"
"10/15/2020","41.81","42.19","42.25","41.63","6.58M","-0.89%"
"10/14/2020","42.19","42.50","42.56","42.19","4.74M","-0.74%"
"10/13/2020","42.50","42.25","42.69","42.25","7.79M","0.44%"
"10/12/2020","42.31","42.00","42.38","41.81","8.31M","0.89%"
"10/11/2020","41.94","41.63","42.13","41.38","8.11M","1.05%"
"10/08/2020","41.50","41.88","41.88","41.19","6.45M","-0.60%"
"10/07/2020","41.75","41.69","41.81","41.50","3.89M","0.00%"
"10/06/2020","41.75","41.13","41.75","41.00","6.44M","1.67%"
"10/05/2020","41.06","40.63","41.06","40.00","4.92M","1.08%"
"10/04/2020","40.63","41.06","41.06","40.63","3.60M","-1.37%"
"10/01/2020","41.19","41.19","41.44","41.06","4.31M","0.30%"
"09/30/2020","41.06","41.31","41.44","41.06","4.97M","-0.61%"
"09/29/2020","41.31","41.56","41.75","41.31","6.42M","-0.60%"
"09/28/2020","41.56","41.69","41.88","41.56","5.50M","-0.30%"
"09/27/2020","41.69","41.75","42.00","41.69","4.26M","-0.15%"
"09/24/2020","41.75","41.63","41.81","41.50","3.34M","0.30%"
"09/22/2020","41.63","41.94","42.00","41.25","6.06M","-1.04%"
"09/21/2020","42.06","42.31","42.50","42.06","4.53M","-0.59%"
"09/20/2020","42.31","42.50","42.56","41.94","5.19M","-0.15%"
"09/17/2020","42.38","42.69","42.75","42.25","8.64M","-0.73%"
"09/16/2020","42.69","42.88","43.06","42.44","6.74M","-0.44%"
"09/15/2020","42.88","42.44","43.00","42.44","7.97M","1.03%"
"09/14/2020","42.44","42.00","42.44","41.50","9.58M","1.19%"
"09/13/2020","41.94","41.63","42.00","41.63","6.44M","0.90%"
"09/10/2020","41.56","41.31","41.81","41.31","7.57M","0.45%"
"09/09/2020","41.38","41.25","41.44","41.19","6.88M","0.00%"
"09/08/2020","41.38","41.25","41.44","41.25","6.79M","0.15%"
"09/07/2020","41.31","41.19","41.31","41.13","4.77M","0.15%"
"09/06/2020","41.25","41.19","41.25","40.81","9.73M","0.00%"
"09/03/2020","41.25","40.31","41.25","40.31","8.48M","2.33%"
"09/02/2020","40.31","39.69","40.44","39.19","9.11M","1.74%"
"09/01/2020","39.63","40.69","40.88","39.63","12.68M","-2.31%"
"08/31/2020","40.56","41.19","41.25","40.56","10.36M","-1.52%"
"08/30/2020","41.19","41.13","41.31","41.06","5.84M","0.15%"
"08/27/2020","41.13","41.25","41.31","41.00","6.62M","-0.30%"
"08/26/2020","41.25","41.25","41.31","40.94","6.62M","0.00%"
"08/25/2020","41.25","41.19","41.50","41.19","7.94M","0.30%"
"08/24/2020","41.13","40.69","41.13","40.69","8.04M","1.08%"
"08/23/2020","40.69","40.56","40.69","40.44","6.31M","0.31%"
"08/20/2020","40.56","40.31","40.56","40.19","6.17M","0.31%"
"08/19/2020","40.44","40.31","40.50","40.31","7.04M","0.31%"
"08/18/2020","40.31","40.19","40.31","39.81","8.93M","0.62%"
"08/17/2020","40.06","39.94","40.50","39.88","12.71M","0.47%"
"08/16/2020","39.88","39.25","39.94","39.25","7.33M","1.59%"
"08/13/2020","39.25","39.13","39.44","39.13","8.98M","0.48%"
"08/12/2020","39.06","38.75","39.19","38.63","10.36M","0.97%"
"08/11/2020","38.69","37.50","38.69","37.44","11.19M","3.17%"
"08/10/2020","37.50","37.50","37.50","37.31","7.83M","0.00%"
"08/09/2020","37.50","37.25","37.50","37.19","5.86M","0.84%"
"08/06/2020","37.19","36.81","37.31","36.81","7.40M","1.02%"
"08/05/2020","36.81","36.88","36.88","36.75","7.07M","0.00%"
"07/28/2020","36.81","36.81","36.88","36.69","9.16M","-0.17%"
"07/27/2020","36.88","36.81","36.94","36.63","11.91M","0.17%"
"07/26/2020","36.81","36.25","36.81","36.13","12.01M","1.90%"
"07/23/2020","36.13","35.94","36.19","35.88","4.65M","0.35%"
"07/22/2020","36.00","35.94","36.06","35.88","5.09M","0.35%"
"07/21/2020","35.88","35.63","35.88","35.63","5.21M","0.70%"
"07/20/2020","35.63","35.75","35.88","35.31","7.45M","-0.52%"
"07/19/2020","35.81","35.88","35.94","35.69","4.70M","-0.17%"
"07/16/2020","35.88","35.88","35.94","35.75","5.93M","0.17%"
"07/15/2020","35.81","35.75","36.00","35.75","5.03M","0.35%"
"07/14/2020","35.69","36.00","36.13","35.69","6.12M","-0.70%"
"07/13/2020","35.94","36.25","36.25","35.94","4.56M","-0.69%"
"07/12/2020","36.19","36.25","36.38","36.13","4.37M","0.35%"
"07/09/2020","36.06","36.19","36.31","36.06","5.78M","-0.17%"
"07/08/2020","36.13","36.13","36.25","36.00","4.68M","0.00%"
"07/07/2020","36.13","36.25","36.31","36.13","4.23M","-0.34%"
"07/06/2020","36.25","36.25","36.38","36.06","7.93M","0.00%"
"07/05/2020","36.25","36.06","36.31","36.06","7.96M","0.87%"
"07/02/2020","35.94","35.75","36.06","35.75","5.89M","0.70%"
"07/01/2020","35.69","35.38","35.88","35.38","5.80M","0.88%"
"06/30/2020","35.38","35.75","36.00","35.38","10.58M","-1.05%"
"06/29/2020","35.75","36.19","36.19","35.69","10.74M","-1.04%"
"06/28/2020","36.13","36.25","36.38","36.06","9.03M","0.00%"
"06/25/2020","36.13","35.88","36.31","35.63","8.44M","0.52%"
"06/24/2020","35.94","36.63","36.69","35.94","7.82M","-1.86%"
"06/23/2020","36.62","36.69","36.75","36.50","5.71M","-0.19%"
"06/22/2020","36.69","36.75","36.88","36.56","7.86M","-0.16%"
"06/21/2020","36.75","36.88","37.00","36.75","5.33M","-0.16%"
"06/18/2020","36.81","36.62","36.94","36.56","18.81M","0.00%"
"06/17/2020","36.81","36.88","36.94","36.69","7.38M","0.16%"
"06/16/2020","36.75","36.88","37.00","36.75","7.42M","0.16%"
"06/15/2020","36.69","36.69","36.94","36.69","14.34M","-0.84%"
"06/14/2020","37.00","36.69","37.00","36.62","7.14M","0.00%"
"06/11/2020","37.00","36.88","37.00","36.56","10.65M","-0.32%"
"06/10/2020","37.12","37.06","37.19","36.88","12.02M","0.16%"
"06/09/2020","37.06","36.88","37.12","36.62","10.84M","0.68%"
"06/08/2020","36.81","36.75","37.31","36.62","13.81M","0.33%"
"06/07/2020","36.69","36.44","36.88","36.44","10.81M","1.05%"
"06/04/2020","36.31","36.06","36.31","35.62","9.92M","0.53%"
"06/03/2020","36.12","36.81","36.88","36.12","17.44M","-1.04%"
"06/02/2020","36.50","36.31","36.88","36.31","13.92M","0.52%"
"06/01/2020","36.31","36.12","36.38","36.00","13.97M","0.69%"
"05/31/2020","36.06","37.50","37.50","35.56","20.49M","2.68%"
"05/21/2020","35.12","35.62","35.69","35.12","13.20M","-1.24%"
"05/20/2020","35.56","35.44","35.75","35.31","10.04M","0.34%"
"05/19/2020","35.44","35.25","35.56","35.19","9.84M","1.26%"
"05/18/2020","35.00","34.62","35.06","34.62","17.98M","1.63%"
"05/17/2020","34.44","33.94","34.44","33.94","9.28M","2.04%"
"05/14/2020","33.75","33.75","33.94","33.44","7.73M","0.18%"
"05/13/2020","33.69","33.62","33.88","33.25","11.58M","1.14%"
"05/12/2020","33.31","33.31","33.62","33.25","6.76M","0.36%"
"05/11/2020","33.19","32.69","33.38","32.38","16.83M","-1.48%"
"05/10/2020","33.69","33.81","34.12","33.62","5.72M","0.57%"
"05/07/2020","33.50","33.50","34.19","33.12","10.90M","0.18%"
"05/06/2020","33.44","34.06","34.12","33.44","8.53M","-0.74%"
"05/05/2020","33.69","33.69","33.94","33.31","10.32M","2.28%"
"05/04/2020","32.94","32.50","33.44","32.50","16.46M","0.18%"
"05/03/2020","32.88","34.06","34.06","32.81","18.25M","-8.03%"
"04/30/2020","35.75","35.62","36.12","35.50","11.18M","1.25%"
"04/29/2020","35.31","34.38","36.12","34.38","18.21M","2.71%"
"04/28/2020","34.38","34.00","34.44","33.81","12.90M","1.12%"
"04/27/2020","34.00","34.00","34.25","33.69","10.38M","0.35%"
"04/26/2020","33.88","33.44","34.00","33.25","10.83M","3.04%"
"04/23/2020","32.88","33.19","33.38","32.81","9.03M","0.40%"
"04/22/2020","32.75","32.38","32.94","32.19","8.08M","0.96%"
"04/21/2020","32.44","32.19","32.56","31.94","9.24M","-0.55%"
"04/20/2020","32.62","33.25","33.25","32.44","10.26M","-2.07%"
"04/19/2020","33.31","33.44","33.50","33.06","7.04M","0.57%"
"04/16/2020","33.12","33.69","33.69","33.12","8.23M","-1.31%"
"04/15/2020","33.56","34.00","34.19","33.44","9.84M","-0.94%"
"04/14/2020","33.88","33.62","33.88","33.31","6.64M","1.32%"
"04/13/2020","33.44","34.12","34.25","33.38","9.89M","-1.65%"
"04/12/2020","34.00","34.62","34.62","33.88","7.84M","-1.62%"
"04/09/2020","34.56","34.69","34.94","34.38","10.85M","0.00%"
"04/08/2020","34.56","34.25","34.56","34.00","13.94M","0.52%"
"04/07/2020","34.38","34.06","34.38","33.88","11.60M","1.12%"
"04/06/2020","34.00","33.81","34.19","33.62","16.20M","1.31%"
"04/05/2020","33.56","34.38","34.56","33.38","16.82M","-1.47%"
"04/02/2020","34.06","33.81","34.06","33.75","12.18M","1.10%"
"04/01/2020","33.69","33.56","33.75","33.44","8.36M","0.21%"
"03/31/2020","33.62","33.69","33.88","33.56","20.83M","0.18%"
"03/30/2020","33.56","33.75","33.75","33.31","11.85M","-2.39%"
"03/29/2020","34.38","33.75","34.38","33.50","9.32M","1.87%"
"03/26/2020","33.75","33.44","33.94","33.44","11.77M","1.69%"
"03/25/2020","33.19","33.88","34.56","33.00","26.84M","-0.18%"
"03/24/2020","33.25","32.88","33.44","32.81","15.01M","2.50%"
"03/23/2020","32.44","32.81","32.81","31.94","16.05M","-1.13%"
"03/22/2020","32.81","32.88","33.44","32.62","11.06M","-0.39%"
"03/19/2020","32.94","32.44","33.62","32.00","24.80M","1.35%"
"03/18/2020","32.50","32.38","33.12","32.38","19.57M","0.37%"
"03/17/2020","32.38","31.88","33.00","31.88","15.71M","1.57%"
"03/16/2020","31.88","32.88","33.25","31.88","24.17M","-4.84%"
"03/15/2020","33.50","34.38","34.69","33.12","16.95M","-1.12%"
"03/12/2020","33.88","33.50","34.31","32.06","28.00M","-1.45%"
"03/11/2020","34.38","35.62","35.62","34.06","23.20M","-2.99%"
"03/10/2020","35.44","35.50","35.56","34.00","30.58M","8.85%"
"03/09/2020","32.56","32.00","34.06","32.00","29.27M","-8.13%"
"03/08/2020","35.44","35.12","35.94","35.00","29.61M","-7.03%"
"03/05/2020","38.12","38.56","38.56","37.88","12.96M","-0.50%"
"03/04/2020","38.31","37.62","38.38","37.19","14.92M","-0.65%"
"03/03/2020","38.56","38.12","38.62","37.88","13.62M","3.35%"
"03/02/2020","37.31","37.94","38.38","37.25","17.74M","0.32%"
"03/01/2020","37.19","37.50","37.81","36.69","16.42M","-3.88%"
"02/27/2020","38.69","38.81","39.06","38.62","12.48M","-1.43%"
"02/26/2020","39.25","39.06","39.31","38.75","10.69M","-0.33%"
"02/25/2020","39.38","39.38","39.69","39.25","9.45M","0.18%"
"02/24/2020","39.31","40.62","40.62","39.31","11.94M","-3.68%"
"02/23/2020","40.81","40.94","40.94","40.44","6.68M","-0.32%"
"02/20/2020","40.94","40.62","40.94","40.62","6.74M","0.94%"
"02/19/2020","40.56","40.12","40.56","40.06","4.54M","1.40%"
"02/18/2020","40.00","40.06","40.19","39.88","4.55M","0.00%"
"02/17/2020","40.00","40.00","40.19","39.94","5.36M","0.30%"
"02/16/2020","39.88","39.75","40.00","39.69","5.04M","0.33%"
"02/13/2020","39.75","39.94","40.25","39.56","10.16M","-0.48%"
"02/12/2020","39.94","39.38","39.94","39.38","6.75M","1.27%"
"02/11/2020","39.44","39.94","39.94","39.12","17.06M","-2.62%"
"02/10/2020","40.50","40.62","40.75","40.38","7.22M","-0.15%"
"02/09/2020","40.56","41.44","41.44","40.44","7.47M","-1.67%"
"02/06/2020","41.25","41.56","41.75","41.19","7.80M","-0.60%"
"02/05/2020","41.50","41.62","41.81","41.38","7.48M","0.14%"
"02/04/2020","41.44","41.38","41.50","41.06","8.05M","0.78%"
"02/03/2020","41.12","41.12","41.56","41.06","9.74M","0.15%"
"02/02/2020","41.06","41.19","41.31","40.81","5.67M","-1.06%"
"01/30/2020","41.50","41.00","41.69","40.75","9.31M","1.22%"
"01/29/2020","41.00","40.38","41.00","40.38","7.21M","1.38%"
"01/28/2020","40.44","40.44","40.62","40.31","6.51M","0.00%"
"01/27/2020","40.44","40.94","41.12","40.38","7.58M","-1.22%"
"01/26/2020","40.94","41.12","41.31","40.88","4.41M","-0.61%"
"01/23/2020","41.19","41.25","41.25","41.00","4.10M","-0.29%"
"01/22/2020","41.31","41.31","41.44","41.25","3.96M","0.00%"
"01/21/2020","41.31","41.50","41.50","41.19","4.34M","-0.46%"
"01/20/2020","41.50","41.38","41.56","41.31","4.74M","0.29%"
"01/19/2020","41.38","41.44","41.75","41.38","4.74M","-0.14%"
"01/16/2020","41.44","41.38","41.50","41.25","4.79M","0.46%"
"01/15/2020","41.25","41.50","41.56","41.25","4.96M","-0.60%"
"01/14/2020","41.50","41.31","41.56","41.19","6.70M","0.75%"
"01/13/2020","41.19","41.00","41.50","41.00","7.96M","0.32%"
"01/12/2020","41.06","41.25","41.50","41.00","5.83M","-0.15%"
"01/09/2020","41.12","40.69","41.12","40.69","7.27M","2.31%"
"01/08/2020","40.19","40.00","40.44","40.00","7.75M","-0.91%"
"01/07/2020","40.56","40.50","40.88","40.38","7.60M","0.62%"
"01/06/2020","40.31","40.19","40.50","40.12","6.69M","0.15%"
"01/05/2020","40.25","40.50","40.88","40.12","8.01M","-2.12%"
"01/02/2020","41.12","40.81","41.19","40.75","5.80M","1.06%"
"01/01/2020","40.69","40.81","40.94","40.69","4.51M","-0.46%"
"12/31/2019","40.88","40.81","41.00","40.56","7.18M","0.17%"
"12/30/2019","40.81","41.25","41.31","40.81","5.41M","-1.07%"
"12/29/2019","41.25","40.81","41.44","40.81","6.14M","1.23%"
"12/26/2019","40.75","40.69","41.19","40.44","4.46M","0.00%"
"12/25/2019","40.75","41.50","41.56","40.62","6.82M","-1.81%"
"12/24/2019","41.50","41.56","41.81","41.31","10.15M","-0.14%"
"12/23/2019","41.56","41.44","41.56","41.25","7.05M","0.29%"
"12/22/2019","41.44","41.25","41.50","41.06","7.10M","0.61%"
"12/19/2019","41.19","40.56","41.31","40.38","15.37M","1.55%"
"12/18/2019","40.56","40.19","40.62","40.06","12.89M","0.92%"
"12/17/2019","40.19","39.94","40.19","39.62","12.48M","0.95%"
"12/16/2019","39.81","39.12","40.06","39.12","11.51M","1.92%"
"12/15/2019","39.06","39.31","39.50","39.00","8.43M","0.00%"
"12/12/2019","39.06","39.81","39.81","39.06","7.86M","-1.74%"
"12/11/2019","39.75","39.62","39.88","39.62","7.20M","0.63%"
"12/10/2019","39.50","39.75","39.88","39.38","9.58M","-0.48%"
"12/09/2019","39.69","40.31","40.56","39.69","14.22M","-1.07%"
"12/08/2019","40.12","39.56","40.31","39.56","12.15M","1.57%"
"12/05/2019","39.50","39.38","39.56","39.19","6.31M","0.30%"
"12/04/2019","39.38","39.50","39.50","39.06","8.00M","-0.46%"
"12/03/2019","39.56","39.12","39.62","39.06","9.00M","1.12%"
"12/02/2019","39.12","39.44","39.81","38.88","11.60M","-0.96%"
"12/01/2019","39.50","38.94","39.75","38.94","6.97M","1.59%"
"11/28/2019","38.88","38.94","39.44","38.69","8.42M","0.67%"
"11/27/2019","38.62","39.38","39.75","38.56","11.17M","-0.97%"
"11/26/2019","39.00","40.31","40.44","39.00","17.51M","-3.25%"
"11/25/2019","40.31","40.06","40.38","39.38","10.77M","0.47%"
"11/24/2019","40.12","40.62","40.69","40.06","7.56M","-1.08%"
"11/21/2019","40.56","40.06","40.56","39.88","10.87M","1.25%"
"11/20/2019","40.06","40.38","40.56","39.94","9.98M","-0.79%"
"11/19/2019","40.38","40.19","40.69","40.00","11.94M","0.65%"
"11/18/2019","40.12","39.69","40.19","39.69","9.37M","1.08%"
"11/17/2019","39.69","39.00","39.69","38.50","8.81M","2.43%"
"11/14/2019","38.75","38.75","39.38","38.56","9.14M","-0.15%"
"11/13/2019","38.81","39.38","39.69","38.56","10.94M","-1.27%"
"11/12/2019","39.31","39.31","39.69","39.12","8.54M","0.00%"
"11/11/2019","39.31","39.00","39.69","39.00","11.69M","0.79%"
"11/10/2019","39.00","38.31","39.12","38.31","10.25M","2.31%"
"11/07/2019","38.12","37.69","38.50","37.62","9.35M","1.14%"
"11/06/2019","37.69","37.75","37.75","37.50","6.24M","-0.16%"
"11/05/2019","37.75","37.06","37.75","37.00","12.99M","1.86%"
"11/04/2019","37.06","37.06","37.25","36.56","9.68M","0.00%"
"11/03/2019","37.06","37.38","37.44","36.62","8.29M","-1.83%"
"10/31/2019","37.75","38.06","38.25","37.62","8.95M","-0.97%"
"10/30/2019","38.12","37.31","38.12","36.88","30.63M","2.34%"
"10/29/2019","37.25","37.81","37.81","36.62","16.24M","-0.98%"
"10/28/2019","37.62","38.62","38.75","37.50","8.54M","-2.92%"
"10/27/2019","38.75","38.75","39.12","38.62","5.87M","-0.49%"
"10/24/2019","38.94","38.81","39.19","38.62","7.08M","0.33%"
"10/23/2019","38.81","38.62","38.94","38.31","8.64M","0.65%"
"10/22/2019","38.56","37.50","38.62","37.50","13.41M","2.83%"
"10/21/2019","37.50","37.94","38.00","37.12","9.45M","-1.00%"
"10/20/2019","37.88","37.88","38.25","37.75","10.80M","1.69%"
"10/17/2019","37.25","36.25","37.31","36.00","12.45M","3.13%"
"10/16/2019","36.12","35.69","36.19","35.44","9.73M","1.20%"
"10/15/2019","35.69","36.31","36.50","35.69","8.16M","-1.54%"
"10/14/2019","36.25","36.25","36.56","36.00","11.53M","0.00%"
"10/13/2019","36.25","36.31","37.31","36.25","6.47M","0.00%"
"10/10/2019","36.25","36.75","36.88","35.88","10.12M","-1.20%"
"10/09/2019","36.69","37.62","37.62","36.69","9.30M","-2.47%"
"10/08/2019","37.62","38.19","38.31","37.25","8.74M","-1.31%"
"10/07/2019","38.12","38.62","38.75","38.12","7.30M","-1.14%"
"10/06/2019","38.56","38.62","38.81","38.56","3.93M","0.31%"
"10/03/2019","38.44","38.75","38.75","38.31","6.87M","-1.13%"
"10/02/2019","38.88","39.31","39.44","38.56","9.97M","-1.09%"
"10/01/2019","39.31","39.56","39.81","39.25","11.43M","-0.63%"
"09/30/2019","39.56","39.38","39.75","39.38","10.07M","0.64%"
"09/29/2019","39.31","39.50","39.62","39.25","5.34M","-0.18%"
"09/26/2019","39.38","39.06","39.62","39.00","13.65M","0.48%"
"09/25/2019","39.19","39.38","39.38","38.88","10.64M","-0.31%"
"09/24/2019","39.31","38.88","39.38","38.88","6.77M","1.29%"
"09/22/2019","38.81","38.81","39.38","38.75","5.09M","-0.33%"
"09/19/2019","38.94","38.19","38.94","37.94","30.77M","1.96%"
"09/18/2019","38.19","37.81","38.25","37.62","12.36M","1.84%"
"09/17/2019","37.50","37.44","37.81","37.06","10.18M","0.32%"
"09/16/2019","37.38","37.19","37.50","36.75","12.07M","1.36%"
"09/15/2019","36.88","36.25","37.06","35.50","11.58M","-1.15%"
"09/12/2019","37.31","36.94","37.44","36.81","6.54M","0.32%"
"09/11/2019","37.19","37.56","37.62","36.38","13.92M","-1.14%"
"09/10/2019","37.62","38.19","38.31","37.50","10.67M","-1.98%"
"09/09/2019","38.38","38.12","38.38","37.69","9.88M","0.68%"
"09/08/2019","38.12","38.25","38.38","37.88","7.18M","0.32%"
"09/05/2019","38.00","38.12","38.56","37.50","16.59M","0.00%"
"09/04/2019","38.00","37.06","38.00","37.06","14.62M","2.70%"
"09/03/2019","37.00","37.44","37.69","37.00","13.94M","-1.02%"
"09/02/2019","37.38","36.94","37.50","36.62","19.19M","1.55%"
"09/01/2019","36.81","37.75","38.12","36.38","20.54M","-2.64%"
"08/29/2019","37.81","39.12","39.31","37.81","21.96M","-3.35%"
"08/28/2019","39.12","39.69","39.94","39.06","15.13M","-2.05%"
"08/27/2019","39.94","40.62","40.75","39.06","112.67M","-1.24%"
"08/26/2019","40.44","40.56","40.69","39.75","11.38M","-0.44%"
"08/25/2019","40.62","41.44","41.44","40.50","8.96M","-2.26%"
"08/22/2019","41.56","41.50","41.75","40.94","27.32M","0.00%"
"08/21/2019","41.56","42.19","42.19","41.50","8.02M","-1.33%"
"08/20/2019","42.12","42.31","42.50","41.88","8.05M","-0.31%"
"08/19/2019","42.25","42.00","42.62","42.00","8.87M","0.74%"
"08/18/2019","41.94","41.88","42.12","41.62","4.99M","-0.14%"
"08/08/2019","42.00","41.81","42.19","41.75","9.61M","0.29%"
"08/07/2019","41.88","41.56","42.12","41.56","8.05M","1.06%"
"08/06/2019","41.44","41.50","41.56","40.94","8.73M","-0.43%"
"08/05/2019","41.62","41.88","41.88","41.19","11.13M","-0.45%"
"08/04/2019","41.81","42.12","42.12","41.50","8.27M","-1.04%"
"08/01/2019","42.25","42.81","42.88","41.81","12.61M","-1.74%"
"07/31/2019","43.00","42.94","43.06","42.69","6.68M","0.14%"
"07/30/2019","42.94","42.81","43.19","42.62","7.14M","1.04%"
"07/29/2019","42.50","43.62","43.62","42.50","11.87M","-2.99%"
"07/28/2019","43.81","43.44","43.88","43.25","5.52M","0.99%"
"07/25/2019","43.38","43.69","43.75","43.31","15.29M","-2.39%"
"07/24/2019","44.44","44.38","44.75","44.12","9.59M","-0.13%"
"07/23/2019","44.50","44.94","45.12","44.50","8.31M","-0.56%"
"07/22/2019","44.75","44.94","45.25","44.75","8.60M","0.00%"
"07/21/2019","44.75","44.25","44.94","44.12","5.98M","0.83%"
"07/18/2019","44.38","44.75","44.81","44.31","9.13M","-0.69%"
"07/17/2019","44.69","45.00","45.12","44.69","8.06M","-0.69%"
"07/16/2019","45.00","45.12","45.31","45.00","8.90M","-0.27%"
"07/15/2019","45.12","45.25","45.31","44.69","7.90M","-0.29%"
"07/14/2019","45.25","44.94","45.50","44.88","8.13M","0.98%"
"07/11/2019","44.81","44.38","44.88","44.38","11.23M","1.13%"
"07/10/2019","44.31","44.00","44.31","43.88","6.72M","0.70%"
"07/09/2019","44.00","43.94","44.06","43.81","5.45M","0.14%"
"07/08/2019","43.94","43.62","43.94","43.44","6.09M","0.57%"
"07/07/2019","43.69","43.88","44.00","43.62","4.91M","-0.43%"
"07/04/2019","43.88","43.88","44.25","43.75","6.75M","0.00%"
"07/03/2019","43.88","43.44","43.94","43.38","4.45M","0.60%"
"07/02/2019","43.62","43.88","44.12","43.50","5.94M","-0.73%"
"07/01/2019","43.94","43.62","43.94","43.50","5.90M","0.87%"
"06/30/2019","43.56","43.75","44.19","43.44","6.82M","0.14%"
"06/27/2019","43.50","42.88","43.62","42.69","10.33M","1.90%"
"06/26/2019","42.69","42.75","43.06","42.69","13.14M","0.00%"
"06/25/2019","42.69","42.81","42.94","42.12","16.98M","-0.28%"
"06/24/2019","42.81","43.75","43.94","41.81","19.43M","-2.28%"
"06/23/2019","43.81","44.25","44.44","43.69","8.38M","-1.28%"
"06/20/2019","44.38","44.50","44.88","43.94","29.93M","0.00%"
"06/19/2019","44.38","44.88","45.00","44.38","15.94M","-0.69%"
"06/18/2019","44.69","44.31","44.69","44.25","12.39M","0.99%"
"06/17/2019","44.25","44.38","44.69","44.19","17.07M","0.00%"
"06/16/2019","44.25","44.94","45.19","44.06","10.94M","-1.40%"
"06/13/2019","44.88","45.62","45.62","44.88","12.56M","-1.90%"
"06/12/2019","45.75","45.12","45.75","44.94","12.86M","0.97%"
"06/11/2019","45.31","44.75","45.56","44.50","16.37M","1.55%"
"06/10/2019","44.62","44.38","45.38","44.25","18.29M","0.54%"
"06/09/2019","44.38","43.31","44.50","43.19","9.47M","3.21%"
"05/30/2019","43.00","42.50","43.12","42.44","9.20M","0.73%"
"05/29/2019","42.69","42.38","43.06","42.00","9.99M","-0.86%"
"05/28/2019","43.06","42.50","43.06","41.44","109.42M","2.06%"
"05/27/2019","42.19","42.38","42.50","41.25","13.42M","-0.14%"
"05/26/2019","42.25","43.12","43.12","41.56","13.37M","-1.88%"
"05/23/2019","43.06","43.81","43.94","42.69","16.00M","-1.71%"
"05/22/2019","43.81","44.00","44.38","43.75","11.12M","-0.16%"
"05/21/2019","43.88","43.12","43.88","43.06","9.71M","2.19%"
"05/20/2019","42.94","43.19","43.25","42.19","15.60M","-0.72%"
"05/19/2019","43.25","43.75","44.50","43.06","9.92M","-1.14%"
"05/16/2019","43.75","43.12","43.75","42.69","17.16M","2.48%"
"05/15/2019","42.69","42.56","43.69","42.56","21.42M","2.10%"
"05/14/2019","41.81","40.81","42.75","40.81","25.29M","1.36%"
"05/13/2019","41.25","42.75","43.06","41.06","24.46M","-4.62%"
"05/12/2019","43.25","43.62","43.62","42.56","7.06M","-0.85%"
"05/09/2019","43.62","43.94","44.06","43.44","12.87M","-0.43%"
"05/08/2019","43.81","44.69","44.69","43.69","12.93M","-1.97%"
"05/07/2019","44.69","45.19","45.44","44.56","8.08M","-1.11%"
"05/06/2019","45.19","45.69","45.69","44.25","10.46M","-1.35%"
"05/05/2019","45.81","46.88","46.94","45.81","8.00M","-2.53%"
"05/02/2019","47.00","47.00","47.44","46.88","6.98M","0.00%"
"05/01/2019","47.00","46.88","47.00","46.62","4.81M","0.26%"
"04/30/2019","46.88","46.88","47.44","46.62","21.12M","0.00%"
"04/29/2019","46.88","46.94","47.06","46.50","5.63M","0.00%"
"04/28/2019","46.88","47.62","47.69","46.81","6.78M","-1.31%"
"04/25/2019","47.50","47.81","48.06","46.88","9.98M","-0.65%"
"04/24/2019","47.81","47.12","47.88","47.06","15.07M","1.59%"
"04/23/2019","47.06","47.00","47.25","46.88","8.55M","0.26%"
"04/22/2019","46.94","46.94","47.38","46.88","6.61M","-0.13%"
"04/21/2019","47.00","46.69","47.00","46.62","5.86M","0.95%"
"04/18/2019","46.56","46.94","47.19","46.38","6.88M","-0.81%"
"04/17/2019","46.94","45.88","47.38","45.81","16.78M","2.31%"
"04/16/2019","45.88","45.56","45.88","45.44","7.87M","0.84%"
"04/15/2019","45.50","45.50","45.62","45.38","4.58M","0.26%"
"04/14/2019","45.38","45.50","45.69","45.31","3.63M","-0.53%"
"04/11/2019","45.62","45.50","45.75","45.44","6.75M","0.40%"
"04/10/2019","45.44","45.00","45.44","44.81","7.68M","0.98%"
"04/09/2019","45.00","45.25","45.25","44.81","7.44M","-0.55%"
"04/08/2019","45.25","45.50","45.50","44.56","10.36M","-1.09%"
"04/07/2019","45.75","46.50","47.06","45.12","13.96M","-1.08%"
"04/04/2019","46.25","44.62","46.50","43.75","15.63M","3.12%"
"04/03/2019","44.85","44.69","45.01","44.61","9.66M","0.36%"
"04/02/2019","44.69","45.01","45.09","44.36","11.28M","-0.36%"
"04/01/2019","44.85","44.12","44.85","44.12","12.23M","1.84%"
"03/31/2019","44.04","43.31","44.12","43.31","12.02M","1.69%"
"03/28/2019","43.31","42.90","43.63","42.58","10.41M","0.96%"
"03/27/2019","42.90","41.92","42.90","41.84","8.25M","2.34%"
"03/26/2019","41.92","41.92","42.09","41.76","4.75M","-0.21%"
"03/25/2019","42.01","41.60","42.01","41.19","7.02M","0.79%"
"03/24/2019","41.68","41.76","41.84","41.36","5.94M","-0.38%"
"03/21/2019","41.84","40.87","41.84","40.87","7.07M","2.17%"
"03/20/2019","40.95","40.62","41.11","40.58","6.71M","0.59%"
"03/19/2019","40.71","40.79","41.11","40.58","8.66M","-0.39%"
"03/18/2019","40.87","40.54","40.87","40.54","7.97M","0.81%"
"03/17/2019","40.54","40.54","40.87","40.50","7.05M","0.10%"
"03/14/2019","40.50","40.22","40.54","40.18","13.48M","0.90%"
"03/13/2019","40.14","39.85","40.34","39.85","8.64M","0.93%"
"03/12/2019","39.77","39.81","39.85","39.65","7.60M","-0.10%"
"03/11/2019","39.81","39.81","39.85","39.33","4.39M","0.20%"
"03/10/2019","39.73","40.26","40.30","39.61","6.49M","-0.10%"
"03/07/2019","39.77","40.46","40.46","39.45","8.58M","-2.00%"
"03/06/2019","40.58","40.58","40.79","40.38","5.37M","0.00%"
"03/05/2019","40.58","40.71","40.71","40.46","5.99M","-0.32%"
"03/04/2019","40.71","41.03","41.11","40.58","8.71M","-0.59%"
"03/03/2019","40.95","40.87","41.27","40.87","4.09M","0.39%"
"02/28/2019","40.79","40.71","40.87","40.46","11.04M","0.20%"
"02/27/2019","40.71","40.58","40.71","40.18","3.87M","0.32%"
"02/26/2019","40.58","40.18","40.62","40.02","4.65M","0.69%"
"02/25/2019","40.30","40.62","40.62","39.98","5.25M","-0.59%"
"02/24/2019","40.54","40.95","41.03","40.54","7.10M","-1.00%"
"02/21/2019","40.95","41.03","41.19","40.79","4.79M","-0.19%"
"02/20/2019","41.03","41.03","41.27","40.87","3.24M","0.00%"
"02/19/2019","41.03","41.03","41.19","40.71","6.65M","0.00%"
"02/18/2019","41.03","41.03","41.36","40.87","5.67M","0.20%"
"02/17/2019","40.95","41.19","41.36","40.95","4.00M","-0.58%"
"02/14/2019","41.19","41.27","41.44","40.87","6.23M","-0.19%"
"02/13/2019","41.27","41.44","41.84","41.27","6.35M","-0.41%"
"02/12/2019","41.44","40.71","41.44","40.71","5.82M","1.79%"
"02/11/2019","40.71","41.03","41.11","40.62","6.00M","-0.78%"
"02/10/2019","41.03","41.44","41.44","40.87","4.32M","-0.99%"
"02/07/2019","41.44","41.60","41.68","41.27","12.32M","-0.38%"
"02/06/2019","41.60","41.84","42.17","41.44","7.41M","-0.38%"
"02/05/2019","41.76","41.27","41.92","41.19","8.79M","1.38%"
"02/04/2019","41.19","41.68","41.76","40.95","6.72M","0.19%"
"02/03/2019","41.11","41.44","41.68","40.79","4.44M","0.00%"
"01/31/2019","41.11","41.60","41.76","41.11","4.97M","-1.18%"
"01/30/2019","41.60","41.60","41.84","41.36","4.51M","-0.38%"
"01/29/2019","41.76","42.25","42.25","41.44","7.10M","-0.78%"
"01/28/2019","42.09","41.19","42.09","41.03","7.59M","2.19%"
"01/27/2019","41.19","40.54","41.36","40.46","9.14M","1.60%"
"01/24/2019","40.54","40.42","40.62","40.26","3.55M","0.20%"
"01/23/2019","40.46","40.34","40.50","40.26","3.73M","0.60%"
"01/22/2019","40.22","40.46","40.62","40.18","4.95M","-0.49%"
"01/21/2019","40.42","40.14","40.50","39.61","6.20M","0.60%"
"01/20/2019","40.18","40.58","40.79","40.10","6.56M","-1.08%"
"01/17/2019","40.62","40.62","40.62","40.30","5.71M","0.00%"
"01/16/2019","40.62","40.62","40.87","40.54","5.20M","0.10%"
"01/15/2019","40.58","40.18","40.87","40.06","7.91M","1.30%"
"01/14/2019","40.06","40.10","40.50","39.93","8.51M","0.00%"
"01/13/2019","40.06","39.24","40.42","39.16","9.60M","2.09%"
"01/10/2019","39.24","38.80","39.41","38.63","10.11M","1.58%"
"01/09/2019","38.63","38.15","38.63","38.02","9.58M","1.36%"
"01/08/2019","38.11","38.19","38.39","37.90","7.17M","-0.21%"
"01/07/2019","38.19","37.38","38.59","37.33","13.26M","2.17%"
"01/06/2019","37.38","36.89","37.58","36.89","16.95M","5.15%"
"01/03/2019","35.55","35.26","35.79","35.14","5.29M","0.82%"
"01/02/2019","35.26","35.14","35.47","35.02","2.29M","0.23%"
"01/01/2019","35.18","35.55","35.55","35.18","2.03M","-1.04%"
"12/31/2018","35.55","35.18","35.67","35.18","4.32M","1.17%"
"12/30/2018","35.14","34.94","35.14","34.82","2.79M","0.69%"
"12/27/2018","34.90","34.73","34.94","34.61","3.60M","1.07%"
"12/26/2018","34.53","34.41","34.73","34.25","1.52M","0.47%"
"12/25/2018","34.37","34.53","34.53","34.08","3.86M","-1.63%"
"12/24/2018","34.94","34.77","35.14","34.65","3.22M","0.23%"
"12/23/2018","34.86","32.91","35.02","32.50","9.83M","1.19%"
"12/20/2018","34.45","34.94","35.02","34.45","8.90M","-1.40%"
"12/19/2018","34.94","35.30","35.38","34.94","7.41M","-1.36%"
"12/18/2018","35.42","35.34","35.83","35.18","6.13M","0.11%"
"12/17/2018","35.38","35.06","35.42","35.06","4.30M","1.03%"
"12/16/2018","35.02","35.22","35.22","34.90","2.31M","-0.57%"
"12/13/2018","35.22","35.30","35.42","35.18","3.40M","-0.34%"
"12/12/2018","35.34","35.22","35.38","35.14","3.59M","0.23%"
"12/11/2018","35.26","35.06","35.26","34.77","4.84M","0.46%"
"12/10/2018","35.10","35.14","35.26","34.90","2.61M","-0.11%"
"12/09/2018","35.14","35.14","35.30","35.10","2.16M","-0.23%"
"12/06/2018","35.22","35.47","35.55","35.02","4.50M","-0.82%"
"12/05/2018","35.51","35.51","35.75","35.26","3.42M","-0.56%"
"12/04/2018","35.71","35.79","35.87","35.42","3.88M","-0.22%"
"12/03/2018","35.79","35.75","35.91","35.67","4.62M","0.45%"
"12/02/2018","35.63","34.77","35.79","34.77","6.69M","2.47%"
"11/29/2018","34.77","34.33","34.77","34.25","5.00M","1.28%"
"11/28/2018","34.33","34.17","34.37","34.17","3.96M","0.35%"
"11/27/2018","34.21","34.33","34.53","34.08","6.20M","-0.23%"
"11/26/2018","34.29","34.21","34.65","34.17","5.02M","0.35%"
"11/25/2018","34.17","34.49","34.53","34.08","2.71M","-1.50%"
"11/22/2018","34.69","34.08","34.69","34.08","4.35M","2.27%"
"11/21/2018","33.92","33.96","34.17","33.64","6.07M","-0.47%"
"11/20/2018","34.08","33.68","34.21","33.52","6.40M","1.07%"
"11/19/2018","33.72","33.31","33.88","33.15","5.90M","1.35%"
"11/18/2018","33.27","34.33","34.37","33.23","8.17M","-2.86%"
"11/15/2018","34.25","34.41","34.57","34.12","5.97M","-0.46%"
"11/14/2018","34.41","34.49","34.69","34.17","7.12M","-0.81%"
"11/13/2018","34.69","34.82","35.02","34.53","3.14M","-0.72%"
"11/12/2018","34.94","34.65","34.98","34.65","4.46M","1.07%"
"11/11/2018","34.57","34.73","34.73","34.25","2.50M","-0.23%"
"11/08/2018","34.65","35.06","35.14","34.61","2.53M","-0.94%"
"11/07/2018","34.98","35.14","35.14","34.90","1.98M","-0.11%"
"11/06/2018","35.02","35.22","35.47","34.94","2.94M","-0.34%"
"11/05/2018","35.14","35.22","35.55","35.10","3.00M","-0.45%"
"11/04/2018","35.30","35.55","35.55","35.30","1.83M","-0.70%"
"11/01/2018","35.55","35.55","35.67","35.42","2.19M","0.00%"
"10/31/2018","35.55","35.34","35.67","35.26","2.67M","0.48%"
"10/30/2018","35.38","35.55","35.63","35.14","3.15M","-0.48%"
"10/29/2018","35.55","35.59","35.91","35.42","3.63M","0.00%"
"10/28/2018","35.55","35.91","35.99","35.47","4.04M","-2.12%"
"10/25/2018","36.32","34.94","36.32","34.25","30.81M","6.57%"
"10/24/2018","34.08","34.94","35.14","34.00","9.88M","-2.35%"
"10/23/2018","34.90","35.38","35.83","34.86","18.40M","-3.48%"
"10/22/2018","36.16","35.22","36.16","34.25","27.96M","1.15%"
"10/21/2018","35.75","33.72","35.75","33.39","16.53M","2.32%"
"10/18/2018","34.94","34.86","35.18","34.29","12.51M","-0.46%"
"10/17/2018","35.10","35.14","35.26","34.57","9.53M","-0.11%"
"10/16/2018","35.14","33.68","35.14","32.95","36.52M","1.88%"
"10/15/2018","34.49","33.92","34.53","33.76","29.48M","1.68%"
"10/14/2018","33.92","33.31","33.92","31.77","20.34M","0.71%"
"10/11/2018","33.68","34.53","34.53","33.52","12.17M","-4.37%"
"10/10/2018","35.22","35.79","35.99","35.22","7.59M","-1.92%"
"10/09/2018","35.91","36.08","36.12","35.75","4.21M","-0.47%"
"10/08/2018","36.08","35.42","36.16","35.38","7.67M","1.61%"
"10/07/2018","35.51","35.63","35.75","35.38","3.37M","-0.45%"
"10/04/2018","35.67","35.67","35.91","35.51","3.73M","0.00%"
"10/03/2018","35.67","35.75","35.91","35.47","5.08M","-0.45%"
"10/02/2018","35.83","35.95","36.32","35.59","5.86M","-0.56%"
"10/01/2018","36.03","35.71","36.16","35.63","7.28M","0.90%"
"09/30/2018","35.71","35.14","35.71","35.14","3.61M","1.97%"
"09/27/2018","35.02","35.22","35.47","35.02","3.72M","-0.79%"
"09/26/2018","35.30","35.22","35.42","34.94","4.87M","0.23%"
"09/25/2018","35.22","34.53","35.22","34.53","7.57M","2.59%"
"09/20/2018","34.33","33.76","34.41","33.68","5.22M","1.69%"
"09/19/2018","33.76","33.23","33.80","33.11","4.35M","1.47%"
"09/18/2018","33.27","33.60","33.60","33.03","7.83M","-0.75%"
"09/17/2018","33.52","32.87","33.60","32.54","7.00M","1.73%"
"09/16/2018","32.95","33.68","33.84","32.91","4.23M","-2.28%"
"09/13/2018","33.72","33.92","34.00","33.35","4.36M","-1.17%"
"09/12/2018","34.12","34.29","34.57","33.64","4.06M","-0.26%"
"09/11/2018","34.21","33.92","34.53","33.72","4.22M","0.85%"
"09/10/2018","33.92","34.04","34.29","33.72","4.01M","0.24%"
"09/09/2018","33.84","34.00","34.04","33.15","3.04M","0.00%"
"09/06/2018","33.84","34.12","34.17","32.62","12.81M","-1.08%"
"09/05/2018","34.21","35.22","35.26","33.03","7.38M","-2.98%"
"09/04/2018","35.26","34.61","35.42","34.61","3.52M","1.53%"
"09/03/2018","34.73","34.53","34.86","34.53","2.28M","0.58%"
"09/02/2018","34.53","34.57","34.77","34.33","1.45M","-0.12%"
"08/30/2018","34.57","34.90","34.90","34.57","2.35M","-1.06%"
"08/29/2018","34.94","34.94","34.94","34.57","5.12M","0.00%"
"08/28/2018","34.94","34.69","35.02","34.65","3.13M","0.84%"
"08/27/2018","34.65","34.65","35.10","34.45","4.30M","0.23%"
"08/26/2018","34.57","34.33","34.73","34.33","2.35M","1.32%"
"08/16/2018","34.12","33.80","34.25","33.64","7.69M","0.95%"
"08/15/2018","33.80","34.17","34.29","33.48","4.07M","-1.20%"
"08/14/2018","34.21","34.12","34.61","33.92","6.76M","0.26%"
"08/13/2018","34.12","34.98","35.18","33.76","6.53M","-2.57%"
"08/12/2018","35.02","35.38","35.42","34.94","3.41M","-1.27%"
"08/09/2018","35.47","35.51","35.59","35.26","5.75M","-0.11%"
"08/08/2018","35.51","35.75","35.83","35.51","5.10M","-0.56%"
"08/07/2018","35.71","35.71","35.75","35.42","5.69M","0.11%"
"08/06/2018","35.67","35.42","35.75","35.42","3.72M","0.34%"
"08/05/2018","35.55","35.34","35.75","35.34","2.93M","0.37%"
"08/02/2018","35.42","35.75","35.91","35.42","5.65M","-0.81%"
"08/01/2018","35.71","35.83","36.08","35.71","4.68M","-0.56%"
"07/31/2018","35.91","36.08","36.36","35.91","4.10M","-0.47%"
"07/30/2018","36.08","36.08","36.28","35.91","4.56M","-0.22%"
"07/29/2018","36.16","36.36","36.36","35.91","3.06M","-0.33%"
"07/26/2018","36.28","36.56","36.64","36.08","5.59M","-0.44%"
"07/25/2018","36.44","35.95","36.48","35.95","3.25M","1.00%"
"07/24/2018","36.08","36.36","36.36","35.91","2.86M","-0.77%"
"07/23/2018","36.36","36.32","36.56","36.24","5.73M","0.66%"
"07/22/2018","36.12","35.95","36.20","35.91","3.53M","0.58%"
"07/19/2018","35.91","35.87","36.12","35.75","4.34M","-1.99%"
"07/18/2018","36.64","36.56","36.73","36.28","4.79M","0.33%"
"07/17/2018","36.52","36.44","36.64","36.28","5.58M","0.55%"
"07/16/2018","36.32","35.83","36.36","35.79","9.34M","1.94%"
"07/15/2018","35.63","35.34","35.63","35.34","2.56M","0.45%"
"07/12/2018","35.47","35.47","35.47","35.14","5.15M","-0.34%"
"07/11/2018","35.59","35.75","35.91","35.34","3.45M","-0.45%"
"07/10/2018","35.75","35.26","36.03","35.26","6.79M","1.39%"
"07/09/2018","35.26","34.57","35.30","34.53","4.58M","2.47%"
"07/08/2018","34.41","34.37","34.61","34.04","6.32M","0.12%"
"07/05/2018","34.37","34.90","34.90","34.33","5.42M","-1.41%"
"07/04/2018","34.86","34.73","35.14","34.53","6.28M","0.00%"
"07/03/2018","34.86","35.06","35.14","34.69","6.95M","-0.57%"
"07/02/2018","35.06","35.26","35.26","34.98","5.78M","-0.57%"
"07/01/2018","35.26","35.18","35.42","35.06","3.74M","0.57%"
"06/28/2018","35.06","35.34","35.38","34.94","6.49M","-0.57%"
"06/27/2018","35.26","35.42","35.51","35.14","4.52M","-0.45%"
"06/26/2018","35.42","35.42","35.51","34.98","3.58M","-0.14%"
"06/25/2018","35.47","35.67","35.75","35.30","6.16M","-0.34%"
"06/24/2018","35.59","34.94","35.75","34.94","5.60M","2.36%"
"06/21/2018","34.77","34.77","35.02","34.25","8.09M","0.46%"
"06/20/2018","34.61","35.42","35.47","34.53","6.69M","-2.07%"
"06/12/2018","35.34","35.30","35.51","35.02","5.28M","0.11%"
"06/11/2018","35.30","35.26","35.59","35.14","3.59M","0.00%"
"06/10/2018","35.30","35.55","35.55","34.90","5.36M","-0.34%"
"06/07/2018","35.42","35.47","35.71","35.14","7.08M","-0.37%"
"06/06/2018","35.55","35.79","36.16","35.30","9.35M","-0.67%"
"06/05/2018","35.79","35.99","36.32","35.55","8.47M","-0.56%"
"06/04/2018","35.99","36.48","37.54","35.95","10.19M","-1.45%"
"06/03/2018","36.52","35.02","36.52","35.02","11.40M","5.15%"
"05/31/2018","34.73","34.12","34.73","34.04","9.47M","2.27%"
"05/30/2018","33.96","33.88","34.41","33.84","6.73M","-0.35%"
"05/29/2018","34.08","33.72","34.21","33.72","6.04M","1.07%"
"05/28/2018","33.72","33.64","33.92","33.60","5.09M","0.24%"
"05/27/2018","33.64","33.80","33.96","33.64","3.50M","-0.27%"
"05/24/2018","33.73","33.64","34.04","33.60","5.39M","0.27%"
"05/23/2018","33.64","33.60","33.88","33.56","4.21M","-0.59%"
"05/22/2018","33.84","33.68","33.92","33.60","4.48M","0.65%"
"05/21/2018","33.62","33.52","33.68","33.48","3.46M","0.33%"
"05/20/2018","33.51","33.52","33.72","33.39","3.93M","0.12%"
"05/17/2018","33.47","33.19","33.68","33.15","5.70M","0.87%"
"05/16/2018","33.18","33.60","33.64","33.07","5.52M","-1.16%"
"05/15/2018","33.57","33.88","34.00","33.52","4.99M","-0.39%"
"05/14/2018","33.70","33.35","33.80","33.19","40.59M","1.29%"
"05/13/2018","33.27","32.87","33.52","32.87","5.05M","1.62%"
"05/10/2018","32.74","32.54","32.91","32.42","6.63M","0.46%"
"05/09/2018","32.59","33.35","33.52","32.50","7.26M","-2.28%"
"05/08/2018","33.35","33.64","33.84","33.19","5.68M","-0.80%"
"05/07/2018","33.62","33.68","33.72","33.39","4.81M","-0.06%"
"05/06/2018","33.64","33.64","33.92","33.56","4.97M","0.45%"
"05/03/2018","33.49","33.31","33.72","33.11","6.82M","0.57%"
"05/02/2018","33.30","33.48","33.56","33.27","5.17M","-0.57%"
"05/01/2018","33.49","33.96","33.96","33.27","9.35M","-1.88%"
"04/30/2018","34.13","34.04","34.29","33.96","4.77M","0.21%"
"04/29/2018","34.06","34.08","34.33","34.00","4.61M","0.06%"
"04/26/2018","34.04","33.92","34.12","33.60","5.64M","0.27%"
"04/25/2018","33.95","34.17","34.41","33.84","6.82M","-0.79%"
"04/24/2018","34.22","34.53","34.73","34.00","6.71M","-0.87%"
"04/23/2018","34.52","34.33","34.65","34.00","6.68M","0.76%"
"04/22/2018","34.26","34.21","34.77","34.08","5.82M","0.15%"
"04/19/2018","34.21","33.35","34.45","33.35","8.62M","2.67%"
"04/18/2018","33.32","33.11","33.39","32.99","10.34M","0.66%"
"04/17/2018","33.10","32.87","33.19","32.78","8.08M","0.85%"
"04/16/2018","32.82","32.05","32.87","31.97","12.42M","2.76%"
"04/15/2018","31.94","31.57","32.09","31.57","6.49M","1.75%"
"04/12/2018","31.39","31.04","31.48","30.96","7.65M","1.23%"
"04/11/2018","31.01","31.28","31.73","30.79","10.81M","-0.99%"
"04/10/2018","31.32","31.77","31.81","31.24","11.14M","-1.07%"
"04/09/2018","31.66","31.73","32.46","31.61","11.84M","-0.06%"
"04/08/2018","31.68","31.52","31.77","31.36","5.55M","0.28%"
"04/05/2018","31.59","31.04","31.65","31.04","9.49M","2.27%"
"04/04/2018","30.89","30.63","31.04","30.63","9.08M","1.05%"
"04/03/2018","30.57","30.10","30.67","30.10","6.11M","0.07%"
"04/02/2018","30.55","30.43","30.63","30.10","6.94M","0.63%"
"04/01/2018","30.36","30.63","31.04","30.27","6.59M","-0.98%"
"03/29/2018","30.66","30.88","31.20","30.14","15.09M","0.59%"
"03/28/2018","30.48","31.20","31.20","30.23","15.60M","-2.12%"
"03/27/2018","31.14","30.83","31.40","30.83","14.73M","1.24%"
"03/26/2018","30.76","30.51","30.83","30.27","17.68M","-1.09%"
"03/25/2018","31.10","30.79","31.28","30.75","8.87M","0.68%"
"03/22/2018","30.89","30.67","31.16","30.67","24.99M","0.75%"
"03/21/2018","30.66","30.39","30.79","30.39","13.56M","0.92%"
"03/20/2018","30.38","29.86","30.55","29.82","19.55M","1.84%"
"03/19/2018","29.83","29.82","30.06","29.66","20.29M","0.51%"
"03/18/2018","29.68","30.31","30.43","29.57","17.82M","-1.30%"
"03/15/2018","30.07","30.43","30.43","29.78","21.12M","-1.41%"
"03/14/2018","30.50","31.04","31.04","30.43","20.03M","-1.93%"
"03/13/2018","31.10","31.32","31.65","31.00","7.59M","-1.14%"
"03/12/2018","31.46","31.44","31.77","31.28","11.72M","0.06%"
"03/11/2018","31.44","31.00","31.48","31.00","12.79M","2.01%"
"03/08/2018","30.82","30.55","30.83","30.47","11.16M","1.15%"
"03/07/2018","30.47","30.51","30.63","30.39","4.51M","-0.10%"
"03/06/2018","30.50","30.14","30.67","30.14","7.72M","1.43%"
"03/05/2018","30.07","29.78","30.39","29.70","6.50M","0.77%"
"03/04/2018","29.84","30.06","30.23","29.78","3.86M","-0.50%"
"03/01/2018","29.99","29.57","30.10","29.57","5.20M","1.01%"
"02/28/2018","29.69","29.94","29.98","29.45","7.71M","-0.90%"
"02/27/2018","29.96","29.90","30.10","29.86","7.31M","0.40%"
"02/26/2018","29.84","30.18","30.18","29.82","7.88M","-1.26%"
"02/25/2018","30.22","30.55","30.63","30.06","4.79M","-0.53%"
"02/22/2018","30.38","30.47","30.59","30.14","8.63M","-0.33%"
"02/21/2018","30.48","30.51","30.75","30.39","8.22M","-0.23%"
"02/20/2018","30.55","30.51","30.75","30.51","6.48M","-0.20%"
"02/19/2018","30.61","30.39","30.63","30.27","8.53M","0.79%"
"02/18/2018","30.37","30.35","30.96","30.27","10.15M","0.96%"
"02/15/2018","30.08","29.29","30.23","29.29","13.53M","2.98%"
"02/14/2018","29.21","29.25","29.45","29.17","4.75M","-0.34%"
"02/13/2018","29.31","29.45","29.53","29.05","8.24M","-0.48%"
"02/12/2018","29.45","29.01","29.53","29.01","7.99M","2.04%"
"02/11/2018","28.86","29.01","29.49","28.68","9.99M","0.07%"
"02/08/2018","28.84","28.88","29.09","28.48","11.61M","-0.24%"
"02/07/2018","28.91","29.78","29.90","28.80","13.90M","-2.03%"
"02/06/2018","29.51","29.57","29.78","29.25","8.96M","-2.19%"
"02/05/2018","30.17","30.31","30.35","30.02","6.41M","-0.72%"
"02/04/2018","30.39","30.47","30.55","29.98","8.98M","-0.62%"
"02/01/2018","30.58","30.27","30.88","30.27","8.18M","1.06%"
"01/31/2018","30.26","29.98","30.88","29.90","11.78M","0.97%"
"01/30/2018","29.97","29.33","30.02","29.21","9.50M","2.18%"
"01/29/2018","29.33","29.01","29.37","29.01","7.25M","0.96%"
"01/28/2018","29.05","28.64","29.13","28.64","6.82M","1.04%"
"01/25/2018","28.75","28.56","28.80","28.48","8.23M","0.81%"
"01/24/2018","28.52","28.76","28.84","28.44","10.09M","-0.70%"
"01/23/2018","28.72","28.52","28.76","28.52","5.61M","0.45%"
"01/22/2018","28.59","28.48","28.84","28.48","6.84M","0.14%"
"01/21/2018","28.55","28.44","28.60","28.36","5.19M","0.42%"
"01/18/2018","28.43","28.32","28.44","28.23","5.95M","0.71%"
"01/17/2018","28.23","28.11","28.27","28.03","5.15M","0.39%"
"01/16/2018","28.12","28.03","28.19","27.99","6.43M","0.32%"